symbol	ensembl_gene_id	primary_region	analysis_group	include_primary	include_sensitivity	n_snps_used	fst_mean_AFR_AMR	fst_max_AFR_AMR	fst_gt0.3_frac_AFR_AMR	fst_mean_AFR_EAS	fst_max_AFR_EAS	fst_gt0.3_frac_AFR_EAS	fst_mean_AFR_EUR	fst_max_AFR_EUR	fst_gt0.3_frac_AFR_EUR	fst_mean_AFR_SAS	fst_max_AFR_SAS	fst_gt0.3_frac_AFR_SAS	fst_mean_AMR_EAS	fst_max_AMR_EAS	fst_gt0.3_frac_AMR_EAS	fst_mean_AMR_EUR	fst_max_AMR_EUR	fst_gt0.3_frac_AMR_EUR	fst_mean_AMR_SAS	fst_max_AMR_SAS	fst_gt0.3_frac_AMR_SAS	fst_mean_EAS_EUR	fst_max_EAS_EUR	fst_gt0.3_frac_EAS_EUR	fst_mean_EAS_SAS	fst_max_EAS_SAS	fst_gt0.3_frac_EAS_SAS	fst_mean_EUR_SAS	fst_max_EUR_SAS	fst_gt0.3_frac_EUR_SAS	note
HK1	ENSG00000156515	substrate_biosynthesis	substrate_support	no	yes	970.0	0.07711	0.53324	0.02277	0.10348	0.63906	0.0715	0.08132	0.6374	0.01349	0.05864	0.4329	0.00619	0.02326	0.35182	0.0031	0.0159	0.27208	0.0	0.03403	0.24012	0.0	0.05226	1.0	0.03362	0.07839	1.0	0.0452	0.02901	1.0	0.00128	
MPI	ENSG00000178802	substrate_biosynthesis	substrate_support	no	yes	75.0	0.1223	0.52009	0.09859	0.13087	0.41449	0.04054	0.11539	0.49389	0.1	0.09884	0.4258	0.02667	0.10521	0.40366	0.08451	0.03077	0.24489	0.0	0.10525	0.31589	0.08333	0.14044	0.41489	0.09231	0.03738	0.153	0.0	0.10496	0.28974	0.0	
PMM1	ENSG00000100417	substrate_biosynthesis	substrate_support	no	yes	149.0	0.08751	0.44494	0.07383	0.11606	0.55439	0.10738	0.11784	0.43532	0.06757	0.09961	0.3643	0.11409	0.08171	0.45782	0.1931	0.04823	0.20516	0.0	0.01136	0.04668	0.0	0.03017	0.50719	0.00935	0.08132	0.45105	0.01205	0.02573	0.06378	0.0	
PMM2	ENSG00000140650	substrate_biosynthesis	substrate_support	no	yes	733.0	0.03451	0.30935	0.00137	0.06049	0.33525	0.00546	0.05557	0.31463	0.00274	0.04834	0.26482	0.0	0.03963	0.25453	0.0	0.02334	0.17163	0.0	0.02387	0.17377	0.0	0.02234	0.13071	0.0	0.01035	1.0	0.00176	0.01603	1.0	0.00084	
GMPPA	ENSG00000144591	substrate_biosynthesis	substrate_support	no	yes	118.0	0.07167	0.52665	0.03509	0.12185	0.71106	0.10345	0.09401	0.58375	0.07018	0.0783	0.43963	0.04237	0.03737	0.15942	0.0	0.00882	0.06661	0.0	0.02126	0.13723	0.0	0.03067	0.15771	0.0	0.09532	0.30085	0.0122	0.02854	0.11109	0.0	
GMPPB	ENSG00000173540	substrate_biosynthesis	substrate_support	no	yes	56.0	0.07419	0.40241	0.01818	0.16047	0.64688	0.31481	0.04964	0.1395	0.0	0.08331	0.22751	0.0	0.04805	0.15875	0.0	0.02246	0.34137	0.01818	0.02067	0.32048	0.01786	0.14451	0.60041	0.02778	0.06909	0.58626	0.025	0.02629	0.08433	0.0	
DPM1	ENSG00000000419	substrate_biosynthesis	substrate_support	no	yes	107.0	0.06981	0.56725	0.03883	0.09847	0.61403	0.08571	0.10766	0.66299	0.08824	0.09789	0.67608	0.09346	0.02805	0.14419	0.0	0.02707	0.13494	0.0	0.02401	0.13123	0.0	0.02615	0.17554	0.0	0.02184	0.14328	0.0	0.00403	0.08405	0.0	
DPM2	ENSG00000136908	substrate_biosynthesis	substrate_support	no	yes	88.0	0.05868	0.38552	0.01136	0.06537	0.2201	0.0	0.07598	0.40798	0.02273	0.02311	0.10016	0.0	0.12607	0.39379	0.08235	0.01266	0.14996	0.0	0.04667	0.44314	0.01176	0.19299	0.51382	0.28169	0.08535	0.27174	0.0	0.06394	0.66571	0.0137	
DPM3	ENSG00000179085	substrate_biosynthesis	substrate_support	no	yes	37.0	0.09229	0.53748	0.02778	0.16402	0.78607	0.27778	0.06889	0.27469	0.0	0.07075	0.37207	0.02703	0.05608	0.21112	0.0	0.03918	0.23031	0.0	0.01658	0.11414	0.0	0.16088	0.57108	0.06667	0.11225	0.30786	0.06897	0.01692	0.11265	0.0	
DOLK	ENSG00000175283	substrate_biosynthesis	substrate_support	no	yes	70.0	0.07136	0.28404	0.0	0.06837	0.24805	0.0	0.08572	0.3003	0.01786	0.0691	0.24562	0.0	0.0399	0.12119	0.0	0.00464	0.02963	0.0	0.01781	0.08844	0.0	0.04329	0.15711	0.0	0.01576	0.07539	0.0	0.01937	0.04355	0.0	
DOLPP1	ENSG00000167130	substrate_biosynthesis	substrate_support	no	yes	108.0	0.10547	0.4613	0.01887	0.11444	0.32797	0.07407	0.1354	0.57444	0.15094	0.11892	0.41578	0.08411	0.02072	0.25437	0.0	0.02299	0.1399	0.0	0.01142	0.11634	0.0	0.0317	0.26761	0.0	0.01412	0.20652	0.0	0.01359	0.10701	0.0	
DHDDS	ENSG00000117682	substrate_biosynthesis	substrate_support	no	yes	132.0	0.0507	0.35252	0.00794	0.04388	0.17375	0.0	0.07387	0.26502	0.0	0.03032	0.24923	0.0	0.07988	0.29552	0.0	0.02041	0.1129	0.0	0.02514	0.11121	0.0	0.12056	0.37067	0.17699	0.04107	0.12781	0.0	0.05652	0.18553	0.0	
NUS1	ENSG00000153989	substrate_biosynthesis	substrate_support	no	yes	198.0	0.05303	0.42891	0.04592	0.06444	0.36944	0.0101	0.06819	0.50944	0.06633	0.04714	0.43549	0.01515	0.03071	0.17804	0.0	0.01432	0.123	0.0	0.02123	0.12966	0.0	0.06708	0.29147	0.0	0.04622	0.31621	0.00645	0.03535	0.19217	0.0	
SRD5A3	ENSG00000128039	substrate_biosynthesis	substrate_support	no	yes	246.0	0.05627	0.46168	0.0123	0.09934	0.66816	0.07317	0.06563	0.25846	0.0	0.07221	0.3328	0.00813	0.04199	0.22924	0.0	0.00876	0.11297	0.0	0.02314	0.133	0.0	0.0872	1.0	0.00346	0.10169	0.26212	0.0	0.02026	0.10284	0.0	
MPDU1	ENSG00000129255	substrate_biosynthesis	substrate_support	no	yes	87.0	0.06158	0.29231	0.0	0.08586	0.29402	0.0	0.10104	0.39326	0.09412	0.11387	0.46294	0.12644	0.01529	0.08209	0.0	0.03084	0.23859	0.0	0.04585	0.2179	0.0	0.03346	0.172	0.0	0.04511	0.24603	0.0	0.01423	0.07115	0.0	
PGM3	ENSG00000013375	substrate_biosynthesis	substrate_support	no	yes	170.0	0.05399	0.32783	0.00588	0.05463	0.4485	0.03593	0.06403	0.32775	0.01176	0.06586	0.46158	0.02941	0.01745	0.16194	0.0	0.00972	0.13608	0.0	0.01117	0.13405	0.0	0.03004	0.14045	0.0	0.01252	0.07602	0.0	0.02138	0.09545	0.0	
UAP1	ENSG00000117143	substrate_biosynthesis	substrate_support	no	yes	247.0	0.06279	0.38744	0.00481	0.06349	0.30809	0.00407	0.05372	0.36359	0.00483	0.04531	0.22607	0.0	0.02445	0.1282	0.0	0.01148	0.12293	0.0	0.00889	0.1145	0.0	0.03525	0.23811	0.0	0.02669	0.21355	0.0	0.0081	0.12006	0.0	
GFPT1	ENSG00000198380	substrate_biosynthesis	substrate_support	no	yes	284.0	0.13476	0.43481	0.24638	0.15325	0.47945	0.26596	0.11141	0.3789	0.08273	0.09472	0.28827	0.0	0.02297	0.16088	0.0	0.00841	0.14786	0.0	0.01731	0.14935	0.0	0.05273	0.18339	0.0	0.03602	0.10739	0.0	0.01642	0.10648	0.0	
GFPT2	ENSG00000131459	substrate_biosynthesis	substrate_support	no	yes	553.0	0.04033	0.23762	0.0	0.08178	0.43943	0.02351	0.05269	1.0	0.00275	0.04638	0.23092	0.0	0.02936	0.63011	0.00091	0.01422	0.47395	0.00093	0.01378	0.52455	0.00091	0.04266	1.0	0.00101	0.03584	1.0	0.00104	0.02013	1.0	0.00201	
GNPNAT1	ENSG00000100522	substrate_biosynthesis	substrate_support	no	yes	102.0	0.03399	0.3957	0.0099	0.03883	0.35407	0.0099	0.03531	0.37595	0.01	0.03591	0.33533	0.01	0.01784	0.14838	0.0	0.00712	0.15158	0.0	0.01508	0.14612	0.0	0.01834	0.10756	0.0	0.0079	0.08632	0.0	0.0093	0.06198	0.0	
NAGK	ENSG00000124357	substrate_biosynthesis	substrate_support	no	yes	237.0	0.03704	0.22849	0.0	0.13584	0.75693	0.20426	0.05659	0.40253	0.02137	0.04263	0.20319	0.0	0.11855	0.67735	0.22128	0.0187	0.1291	0.0	0.01574	0.08793	0.0	0.17144	0.80788	0.30088	0.10002	0.46579	0.17117	0.04572	0.23321	0.0	
GNE	ENSG00000159921	substrate_biosynthesis	substrate_support	no	yes	297.0	0.05429	0.2986	0.0	0.07052	1.0	0.00508	0.05836	0.29777	0.0	0.04382	0.16853	0.0	0.03197	0.2313	0.0	0.0165	0.13761	0.0	0.01476	0.14882	0.0	0.08175	0.34444	0.0076	0.01949	0.07294	0.0	0.0413	0.22547	0.0	
NANS	ENSG00000095380	substrate_biosynthesis	substrate_support	no	yes	139.0	0.12357	0.44725	0.06667	0.20123	0.64909	0.34559	0.16265	0.5447	0.24627	0.06455	0.32844	0.01449	0.05195	0.29864	0.0	0.01657	0.12127	0.0	0.06438	0.2028	0.0	0.02797	0.2763	0.0	0.17962	0.44068	0.32323	0.10761	0.27485	0.0	
NANP	ENSG00000170191	substrate_biosynthesis	substrate_support	no	yes	117.0	0.15367	0.34459	0.22414	0.22433	0.59386	0.40171	0.17752	0.47363	0.24786	0.19304	0.43084	0.34188	0.08496	0.58282	0.10256	0.01129	0.08754	0.0	0.01587	0.09236	0.0	0.07289	0.46854	0.10784	0.07477	0.44416	0.11	0.01332	0.07627	0.0	
CMAS	ENSG00000111726	substrate_biosynthesis	substrate_support	no	yes	185.0	0.07306	0.48826	0.03315	0.10642	0.59127	0.04891	0.0964	0.58487	0.03911	0.07579	0.58813	0.02198	0.0793	0.29546	0.0	0.01964	0.10102	0.0	0.03271	0.19134	0.0	0.15374	0.44598	0.2803	0.0553	0.14651	0.0	0.07442	0.3325	0.00763	
SLC35A1	ENSG00000164414	substrate_biosynthesis	substrate_support	no	yes	225.0	0.02608	0.41634	0.00446	0.04734	0.26114	0.0	0.04137	0.26441	0.0	0.03941	0.31644	0.00446	0.02911	0.08293	0.0	0.02047	0.14759	0.0	0.0129	0.13531	0.0	0.01149	0.13095	0.0	0.00891	0.12158	0.0	0.00802	0.05803	0.0	
GMDS	ENSG00000112699	substrate_biosynthesis	substrate_support	no	yes	97.0	0.09651	0.36251	0.04124	0.12316	0.63643	0.14737	0.11567	0.46646	0.09278	0.10311	0.50431	0.10309	0.04846	0.17828	0.0	0.03652	0.23024	0.0	0.04203	0.22761	0.0	0.11927	0.36658	0.08108	0.07798	0.30616	0.02899	0.03447	0.1898	0.0	
FPGT	ENSG00000254685	substrate_biosynthesis	substrate_support	no	yes	162.0	0.11343	0.35131	0.01242	0.2614	0.71085	0.39375	0.14139	0.37479	0.01863	0.15578	0.40174	0.2963	0.12544	0.33303	0.03704	0.00597	0.07535	0.0	0.03644	0.13578	0.0	0.12031	0.30013	0.01538	0.05819	0.19472	0.0	0.03096	0.16962	0.0	
FCSK	ENSG00000157353	substrate_biosynthesis	substrate_support	no	yes	174.0	0.16552	0.53062	0.23837	0.20515	0.63193	0.28324	0.20156	0.62282	0.25862	0.20225	0.6289	0.26437	0.02455	0.17841	0.0	0.01616	0.15824	0.0	0.02765	0.16999	0.0	0.01197	0.20384	0.0	0.02606	0.22899	0.0	0.01488	0.15681	0.0	
SLC35C1	ENSG00000181830	substrate_biosynthesis	substrate_support	no	yes	113.0	0.09214	0.48178	0.09009	0.1031	0.56836	0.05357	0.11186	0.5717	0.08929	0.11431	0.4936	0.10619	0.05507	0.37163	0.0531	0.01811	0.13542	0.0	0.0209	0.13832	0.0	0.09913	0.4785	0.09474	0.06818	1.0	0.02732	0.03779	1.0	0.00518	
DPAGT1	ENSG00000172269	llo_assembly	upstream_core	yes	yes	90.0	0.03448	0.38407	0.01111	0.17479	0.54328	0.2	0.0804	0.47335	0.02222	0.11634	0.47378	0.11111	0.11514	0.49084	0.08889	0.02435	0.11435	0.0	0.08252	0.4213	0.05556	0.07055	0.28657	0.0	0.07399	0.19807	0.0	0.09153	0.41289	0.02564	
ALG13	ENSG00000101901	llo_assembly	upstream_core	yes	yes																																
ALG14	ENSG00000172339	llo_assembly	upstream_core	yes	yes	439.0	0.03895	0.35168	0.00701	0.08162	0.3931	0.05708	0.04912	0.38782	0.00704	0.05157	0.34938	0.00693	0.04887	0.2757	0.0	0.00819	0.12445	0.0	0.01457	0.12844	0.0	0.06685	1.0	0.00654	0.05018	0.2679	0.0	0.00791	0.06713	0.0	
ALG1	ENSG00000033011	llo_assembly	upstream_core	yes	yes	453.0	0.05545	0.43284	0.02227	0.06102	0.48007	0.02444	0.05672	0.48695	0.0067	0.05224	0.49302	0.01545	0.03412	0.27976	0.0	0.01015	0.15147	0.0	0.02591	0.14796	0.0	0.04184	0.29844	0.0	0.02806	0.20762	0.0	0.0222	0.19063	0.0	
ALG2	ENSG00000119523	llo_assembly	upstream_core	yes	yes	56.0	0.05328	0.22504	0.0	0.03002	0.37985	0.01818	0.04466	0.27696	0.0	0.0354	0.21288	0.0	0.05434	0.19058	0.0	0.00609	0.05979	0.0	0.00885	0.05882	0.0	0.05311	0.36442	0.02041	0.03444	0.19178	0.0	0.01043	0.10402	0.0	
ALG11	ENSG00000253710	llo_assembly	upstream_core	yes	yes	240.0	0.11896	0.37711	0.05021	0.12581	0.38668	0.2375	0.16334	0.48717	0.30126	0.08276	0.24175	0.0	0.02942	0.12658	0.0	0.02717	0.09773	0.0	0.01936	0.10362	0.0	0.02356	0.13788	0.0	0.02904	0.13896	0.0	0.04076	0.1153	0.0	
RFT1	ENSG00000163933	llo_assembly	upstream_core	yes	yes	353.0	0.08296	0.49079	0.07955	0.11528	0.64212	0.13352	0.10593	0.45556	0.08896	0.09152	0.37782	0.0142	0.02013	0.10696	0.0	0.0193	0.08567	0.0	0.01848	0.11531	0.0	0.03805	0.12545	0.0	0.0603	1.0	0.00196	0.04439	0.24418	0.0	
ALG3	ENSG00000214160	llo_assembly	upstream_core	yes	yes	67.0	0.06577	0.37303	0.01493	0.07485	0.35339	0.01493	0.08313	0.18689	0.0	0.0849	0.17669	0.0	0.01518	0.09277	0.0	0.00783	0.04178	0.0	0.00871	0.04934	0.0	0.02647	0.12401	0.0	0.02787	0.11419	0.0	0.00693	0.04591	0.0	
ALG9	ENSG00000086848	llo_assembly	upstream_core	yes	yes	125.0	0.05546	0.22233	0.0	0.07066	0.49631	0.04839	0.07219	0.20114	0.0	0.07235	0.23063	0.0	0.02525	0.15248	0.0	0.00895	0.18798	0.0	0.0134	0.18189	0.0	0.04554	0.17085	0.0	0.04333	0.11347	0.0	0.00836	0.05092	0.0	
ALG12	ENSG00000182858	llo_assembly	upstream_core	yes	yes	306.0	0.15696	0.65609	0.13399	0.16608	0.66632	0.14052	0.15211	0.63206	0.14098	0.09101	0.42915	0.12745	0.00616	0.15058	0.0	0.00813	0.13992	0.0	0.05434	0.15272	0.0	0.01889	0.25388	0.0	0.07479	1.0	0.00181	0.04201	1.0	0.00176	
ALG6	ENSG00000088035	llo_assembly	upstream_core	yes	yes	380.0	0.05155	0.31029	0.01072	0.06379	0.40163	0.01604	0.07163	0.38686	0.03714	0.05944	0.34741	0.01316	0.01177	0.14642	0.0	0.01294	0.10114	0.0	0.01328	0.09945	0.0	0.0297	0.23537	0.0	0.01382	0.11413	0.0	0.02567	0.15949	0.0	
ALG8	ENSG00000159063	llo_assembly	upstream_core	yes	yes	409.0	0.1232	0.39119	0.00983	0.07321	0.33672	0.00493	0.10302	0.38769	0.0197	0.09124	0.35403	0.01467	0.04695	0.15847	0.0	0.01483	0.10154	0.0	0.01835	0.08743	0.0	0.02957	0.24195	0.0	0.01935	0.08853	0.0	0.00225	0.11192	0.0	
ALG10	ENSG00000139133	llo_assembly	upstream_core	yes	yes	110.0	0.06999	0.30397	0.01818	0.09426	0.61577	0.06422	0.08114	0.35106	0.07273	0.08842	0.34345	0.02727	0.033	0.17134	0.0	0.01537	0.20752	0.0	0.01096	0.2031	0.0	0.06271	0.34915	0.16484	0.04627	0.16002	0.0	0.01736	0.08828	0.0	
ALG10B	ENSG00000175548	llo_assembly	upstream_core	yes	yes	222.0	0.0557	0.29531	0.0	0.08842	0.47611	0.04977	0.0878	0.3934	0.04072	0.0703	0.20817	0.0	0.05066	0.34366	0.04054	0.0261	0.25288	0.0	0.00966	0.04542	0.0	0.15653	0.52258	0.14925	0.06441	0.22395	0.0	0.04969	0.16528	0.0	
ALG5	ENSG00000120697	llo_assembly	upstream_core	yes	yes	182.0	0.09492	0.30419	0.01111	0.14174	0.61524	0.15934	0.10445	0.26452	0.0	0.11739	0.44987	0.09444	0.0675	0.21416	0.0	0.00712	0.0612	0.0	0.02489	0.10316	0.0	0.06365	0.2258	0.0	0.0264	0.07146	0.0	0.01917	0.07457	0.0	
STT3A	ENSG00000134910	ost_transfer	upstream_core	yes	yes	3.0																															too_few_snps
STT3B	ENSG00000163527	ost_transfer	upstream_core	yes	yes	361.0	0.08828	0.44402	0.05634	0.11461	0.34168	0.11944	0.1163	0.47318	0.10986	0.10773	0.46807	0.10833	0.05161	0.27553	0.0	0.01704	0.1396	0.0	0.02169	0.18165	0.0	0.08382	1.0	0.00198	0.08503	1.0	0.002	0.00892	1.0	0.00196	
DDOST	ENSG00000244038	ost_transfer	upstream_core	yes	yes	163.0	0.03702	0.28267	0.0	0.04339	0.29084	0.0	0.04641	0.25967	0.0	0.03916	0.24246	0.0	0.02613	0.19332	0.0	0.0169	0.13178	0.0	0.0257	0.12786	0.0	0.041	0.24298	0.0	0.00961	0.10479	0.0	0.02409	0.1466	0.0	
DAD1	ENSG00000129562	ost_transfer	upstream_core	yes	yes	2.0																															too_few_snps
RPN1	ENSG00000163902	ost_transfer	upstream_core	yes	yes	318.0	0.02051	0.30019	0.00316	0.0493	0.28436	0.0	0.02575	0.34072	0.00324	0.0256	0.28248	0.0	0.0343	0.13468	0.0	0.0081	0.09931	0.0	0.00673	0.09781	0.0	0.03458	0.22357	0.0	0.03536	0.16458	0.0	0.01323	0.14034	0.0	
RPN2	ENSG00000291973	ost_transfer	upstream_core	yes	yes	323.0	0.06291	0.63737	0.00621	0.15411	0.63165	0.18893	0.05849	0.42475	0.00621	0.07029	0.61737	0.00932	0.07211	0.27733	0.0	0.01237	0.05097	0.0	0.00515	0.05467	0.0	0.12312	0.36749	0.08046	0.07966	0.23427	0.0	0.00972	0.06372	0.0	
OST4	ENSG00000228474	ost_transfer	upstream_core	yes	yes	35.0	0.06191	0.31835	0.02857	0.15498	0.70661	0.25714	0.0985	0.46677	0.02857	0.1185	0.59398	0.02941	0.09523	0.31831	0.02857	0.02384	0.07991	0.0	0.04759	0.14143	0.0	0.05084	0.17892	0.0	0.03316	0.14733	0.0	0.01205	0.05191	0.0	
OSTC	ENSG00000198856	ost_transfer	upstream_core	yes	yes	135.0	0.03247	0.31508	0.00752	0.11031	0.42127	0.02963	0.04597	0.4237	0.01493	0.07471	0.50948	0.01481	0.09009	0.1913	0.0	0.01522	0.1781	0.0	0.04139	0.13562	0.0	0.17853	0.22497	0.0	0.03659	0.11964	0.0	0.09182	0.13243	0.0	
TMEM258	ENSG00000134825	ost_transfer	upstream_core	yes	yes	93.0	0.16229	0.70593	0.19565	0.16048	0.55755	0.23596	0.1316	0.59504	0.15909	0.08349	0.46262	0.04396	0.04879	0.27945	0.0	0.03721	0.15819	0.0	0.10164	0.46262	0.21348	0.0883	0.43058	0.09877	0.11254	0.35301	0.1875	0.07098	0.35222	0.01205	
MAGT1	ENSG00000102158	ost_transfer	upstream_core	yes	yes																																
TUSC3	ENSG00000104723	ost_transfer	upstream_core	yes	yes	2761.0	0.06458	0.63391	0.02314	0.07073	0.56725	0.02656	0.07704	0.59923	0.03787	0.05921	0.49396	0.00943	0.0343	0.20886	0.0	0.01163	0.20898	0.0	0.02635	0.25129	0.0	0.05527	1.0	0.00273	0.05385	1.0	0.0022	0.03484	1.0	0.00045	
MOGS	ENSG00000115275	er_quality_control	checkpoint_layer	yes	yes	35.0	0.21914	0.58817	0.35294	0.09285	0.57263	0.06061	0.28539	0.7405	0.35294	0.21185	0.56945	0.34286	0.15687	0.42849	0.31429	0.03806	0.16935	0.0	0.01308	0.16688	0.0	0.29233	0.61095	0.46154	0.24472	1.0	0.5814	0.04543	0.11263	0.0	
GANAB	ENSG00000089597	er_quality_control	checkpoint_layer	yes	yes	83.0	0.05685	0.55914	0.03704	0.10698	0.68582	0.02439	0.06902	0.41765	0.03659	0.06607	0.53228	0.03704	0.0547	0.2035	0.0	0.00683	0.03832	0.0	0.0069	0.02937	0.0	0.07953	0.22804	0.0	0.05681	0.16846	0.0	0.01423	0.06364	0.0	
PRKCSH	ENSG00000130175	er_quality_control	checkpoint_layer	yes	yes	18.0	0.04436	0.26054	0.0	0.07662	0.2315	0.0	0.04009	0.16199	0.0	0.06502	0.39907	0.05556	0.02938	0.1174	0.0	0.0176	0.11322	0.0	0.01019	0.06763	0.0	0.04151	0.21723	0.0	0.05965	1.0	0.03226	0.01818	0.10048	0.0	
UGGT1	ENSG00000136731	er_quality_control	checkpoint_layer	yes	yes	407.0	0.08568	0.44641	0.01746	0.06159	0.54732	0.01728	0.14049	0.38893	0.06733	0.08702	0.34391	0.0825	0.02759	0.18662	0.0	0.02475	0.10276	0.0	0.04215	0.16326	0.0	0.07625	0.25477	0.0	0.06303	0.22049	0.0	0.07236	0.18218	0.0	
UGGT2	ENSG00000102595	er_quality_control	checkpoint_layer	yes	yes	774.0	0.04429	0.41344	0.01434	0.05242	0.41883	0.00522	0.05949	0.4632	0.01825	0.04485	0.3975	0.00388	0.02022	0.38179	0.0013	0.01903	0.10523	0.0	0.01159	0.1167	0.0	0.03165	0.51278	0.00142	0.01205	0.16798	0.0	0.01304	0.21312	0.0	
CANX	ENSG00000283777	er_quality_control	checkpoint_layer	yes	yes	291.0	0.08546	0.36532	0.04152	0.09224	0.38557	0.03103	0.09337	0.39312	0.03114	0.1144	0.42981	0.17526	0.01575	0.25714	0.0	0.00766	0.2127	0.0	0.01957	0.20301	0.0	0.02512	0.22522	0.0	0.01871	0.15171	0.0	0.02999	0.10939	0.0	
CALR	ENSG00000179218	er_quality_control	checkpoint_layer	yes	yes	58.0	0.0755	0.24336	0.0	0.08471	0.24738	0.0	0.09547	0.43127	0.01724	0.08232	0.23997	0.0	0.03928	0.17833	0.0	0.01283	0.08325	0.0	0.01994	0.13603	0.0	0.04595	0.1941	0.0	0.02304	0.06971	0.0	0.02117	0.12416	0.0	
PDIA3	ENSG00000167004	er_quality_control	checkpoint_layer	yes	yes	116.0	0.11194	0.62508	0.14159	0.11955	0.53121	0.1913	0.13043	0.62018	0.14035	0.09744	0.5177	0.13793	0.02292	0.1367	0.0	0.01227	0.16814	0.0	0.00894	0.15867	0.0	0.05662	0.18523	0.0	0.04691	0.20411	0.0	0.00976	0.04235	0.0	
MAN1B1	ENSG00000177239	er_quality_control	checkpoint_layer	yes	yes	179.0	0.10139	0.31792	0.02247	0.10648	0.31751	0.02809	0.12463	0.36029	0.0618	0.11242	0.38225	0.02793	0.05009	0.24839	0.0	0.01132	0.09646	0.0	0.01241	0.11378	0.0	0.07398	0.34537	0.1131	0.07309	0.29916	0.0	0.00688	0.11426	0.0	
EDEM1	ENSG00000134109	er_quality_control	checkpoint_layer	yes	yes	216.0	0.09288	0.50774	0.04651	0.10052	0.49691	0.08372	0.09794	0.48096	0.04225	0.06723	0.33295	0.0186	0.01683	0.1364	0.0	0.00653	0.07141	0.0	0.02819	0.24174	0.0	0.02857	1.0	0.00366	0.03396	0.19009	0.0	0.04009	1.0	0.00364	
EDEM2	ENSG00000088298	er_quality_control	checkpoint_layer	yes	yes	231.0	0.1257	0.55048	0.11404	0.13785	0.61285	0.18696	0.11776	0.57587	0.18943	0.09537	0.49415	0.11255	0.02599	0.19798	0.0	0.01529	0.08882	0.0	0.04541	0.19444	0.0	0.02115	0.18737	0.0	0.04126	0.21711	0.0	0.01538	0.18314	0.0	
EDEM3	ENSG00000116406	er_quality_control	checkpoint_layer	yes	yes	351.0	0.05907	1.0	0.07338	0.10519	0.56326	0.09714	0.06383	0.43659	0.07205	0.08673	0.5354	0.10256	0.04086	0.15496	0.0	0.00374	0.17018	0.0	0.01934	0.11373	0.0	0.04262	0.1562	0.0	0.01339	0.09054	0.0	0.01553	0.08988	0.0	
MLEC	ENSG00000110917	er_quality_control	checkpoint_layer	yes	yes	149.0	0.07096	0.43195	0.05369	0.08865	0.40168	0.12081	0.10266	0.65247	0.09459	0.08478	0.484	0.03356	0.05754	0.38631	0.00671	0.01544	0.11068	0.0	0.01425	0.04755	0.0	0.07449	0.28959	0.0	0.06711	0.38924	0.00763	0.01809	0.07766	0.0	
NGLY1	ENSG00000151092	er_quality_control	checkpoint_layer	no	yes	256.0	0.1645	0.68354	0.22266	0.23578	0.83548	0.28627	0.19132	0.71944	0.24706	0.16555	0.66153	0.17578	0.03763	0.10773	0.0	0.00843	0.10715	0.0	0.0116	0.11908	0.0	0.0366	1.0	0.00319	0.07565	0.14643	0.0	0.01659	1.0	0.00322	
ENGASE	ENSG00000167280	er_quality_control	checkpoint_layer	no	yes	191.0	0.06521	0.31864	0.00529	0.09369	0.41333	0.01571	0.09958	0.37643	0.04188	0.07448	0.29512	0.0	0.03284	0.28318	0.0	0.01782	0.12839	0.0	0.01132	0.10457	0.0	0.04676	0.30778	0.0125	0.02135	0.26479	0.0	0.02858	0.14181	0.0	
OS9	ENSG00000135506	er_quality_control	checkpoint_layer	no	yes	171.0	0.06483	1.0	0.00298	0.06304	1.0	0.0355	0.07497	1.0	0.00893	0.05514	0.76634	0.03509	0.04729	1.0	0.00595	0.0173	0.9669	0.00298	0.04836	0.5222	0.00592	0.05537	1.0	0.00658	0.02134	0.2913	0.0	0.05281	0.56132	0.00621	
SEL1L	ENSG00000071537	er_quality_control	checkpoint_layer	no	yes	302.0	0.09275	0.50105	0.04667	0.11167	0.52757	0.07023	0.10702	0.49424	0.04667	0.10496	0.38455	0.04636	0.01027	0.06339	0.0	0.00904	0.21062	0.0	0.01424	0.10053	0.0	0.01168	0.17229	0.0	0.01762	0.11455	0.0	0.00764	0.05403	0.0	
MAN1A1	ENSG00000111885	golgi_core_processing	downstream_diversification	yes	yes	1042.0	0.03084	0.34432	0.00097	0.1016	0.42564	0.04042	0.04244	0.42542	0.03004	0.05529	0.42426	0.03083	0.05626	0.24878	0.0	0.02357	0.17345	0.0	0.02347	0.13761	0.0	0.08248	0.36771	0.02591	0.03937	0.2403	0.0	0.02766	0.15192	0.0	
MAN1A2	ENSG00000198162	golgi_core_processing	downstream_diversification	yes	yes	532.0	0.04285	0.3575	0.00378	0.11655	0.46293	0.08835	0.04004	0.27345	0.0	0.04673	0.3418	0.03396	0.06811	0.27413	0.0	0.02023	0.13426	0.0	0.03184	0.16067	0.0	0.07189	0.26524	0.0	0.04691	0.21869	0.0	0.02478	0.09615	0.0	
MAN1C1	ENSG00000117643	golgi_core_processing	downstream_diversification	yes	yes	699.0	0.09357	0.53495	0.0275	0.12049	0.5355	0.07902	0.1527	0.65879	0.15843	0.13596	0.63863	0.14841	0.02077	0.20287	0.0	0.05147	0.22598	0.0	0.02589	0.21952	0.0	0.07455	1.0	0.00192	0.03373	1.0	0.00107	0.02334	1.0	0.00091	
MGAT1	ENSG00000131446	golgi_core_processing	downstream_diversification	yes	yes	302.0	0.07903	0.51297	0.0602	0.07639	0.64162	0.03691	0.09028	0.60262	0.07718	0.06301	0.50129	0.01333	0.04379	0.17033	0.0	0.0105	0.08317	0.0	0.03403	0.23459	0.0	0.04075	0.28985	0.0	0.02291	0.19278	0.0	0.03487	0.26598	0.0	
MAN2A1	ENSG00000112893	golgi_core_processing	downstream_diversification	yes	yes	768.0	0.07912	0.32754	0.01304	0.15201	0.59307	0.15274	0.0651	0.3358	0.01046	0.12801	0.49492	0.16188	0.07627	0.30361	0.0013	0.00883	0.09728	0.0	0.03145	0.17497	0.0	0.1144	0.42337	0.15775	0.07976	0.34616	0.01824	0.04881	0.21769	0.0	
MAN2A2	ENSG00000196547	golgi_core_processing	downstream_diversification	yes	yes	191.0	0.0811	0.35204	0.01058	0.14595	0.63563	0.15135	0.10395	0.54333	0.08556	0.09499	0.38724	0.02632	0.06212	0.37602	0.05882	0.04746	0.2587	0.0	0.0231	0.10065	0.0	0.16214	0.67902	0.25806	0.14062	0.48544	0.08264	0.0446	0.2211	0.0	
MGAT2	ENSG00000168282	golgi_core_processing	downstream_diversification	yes	yes	110.0	0.04292	0.27116	0.0	0.13304	0.47908	0.13636	0.06437	0.39396	0.03704	0.0828	0.34542	0.00917	0.16469	0.43859	0.30909	0.01634	0.15986	0.0	0.0757	0.26662	0.0	0.23218	0.55684	0.28205	0.10245	0.25604	0.0	0.08625	0.16643	0.0	
MGAT3	ENSG00000128268	golgi_branching	downstream_diversification	yes	yes	216.0	0.08045	0.4023	0.01389	0.13474	0.73691	0.1381	0.09688	0.47586	0.04762	0.09509	0.49215	0.04673	0.0871	0.55719	0.06944	0.02126	0.12804	0.0	0.02	0.16719	0.0	0.15543	0.64725	0.11921	0.08579	0.46433	0.11189	0.04329	0.13355	0.0	
MGAT4A	ENSG00000071073	golgi_branching	downstream_diversification	yes	yes	359.0	0.0599	0.37207	0.02542	0.05785	0.4362	0.01133	0.09841	0.44432	0.10227	0.042	0.29072	0.0	0.03373	0.18449	0.0	0.02419	0.17472	0.0	0.01069	0.16872	0.0	0.0683	0.30283	0.0031	0.01998	0.18527	0.0	0.03822	0.14199	0.0	
MGAT4B	ENSG00000284501	golgi_branching	downstream_diversification	yes	yes	50.0	0.08748	0.2729	0.0	0.08666	0.34582	0.04	0.10199	0.28401	0.0	0.08426	0.38249	0.06	0.01769	0.17892	0.0	0.01335	0.20092	0.0	0.01273	0.19476	0.0	0.03884	0.22488	0.0	0.02085	0.16285	0.0	0.01806	0.05187	0.0	
MGAT4C	ENSG00000182050	golgi_branching	downstream_diversification	yes	yes	97.0	0.06728	0.44538	0.01031	0.09191	0.35219	0.03125	0.10201	0.29222	0.0	0.07682	0.37378	0.01031	0.13865	0.34229	0.15464	0.01087	0.0665	0.0	0.05387	0.1524	0.0	0.19097	0.39567	0.17045	0.05271	0.11023	0.0	0.09261	0.19014	0.0	
MGAT5	ENSG00000152127	golgi_branching	downstream_diversification	yes	yes	1661.0	0.06963	0.54857	0.03924	0.07159	1.0	0.01839	0.09289	0.62042	0.06299	0.07996	0.58718	0.05006	0.02925	0.30709	0.00121	0.02382	0.52208	0.00031	0.0229	0.43986	0.0003	0.06649	0.66209	0.01402	0.04493	0.5685	0.00113	0.02153	1.0	0.00037	
FUT8	ENSG00000033170	terminal_modification	downstream_diversification	yes	yes	1437.0	0.04796	0.3803	0.054	0.06228	0.32569	0.00559	0.06404	0.43283	0.05528	0.04754	0.35901	0.01606	0.05534	0.36012	0.00035	0.00907	0.26351	0.0	0.0206	0.35666	0.00035	0.07485	1.0	0.01573	0.05442	1.0	0.0009	0.02552	1.0	0.00038	
FUT3	ENSG00000171124	terminal_modification	downstream_diversification	yes	yes	185.0	0.08084	0.37069	0.03846	0.1027	0.5339	0.08108	0.106	0.53179	0.07104	0.09302	0.46113	0.08649	0.0305	0.25089	0.0	0.01996	0.20585	0.0	0.01587	0.16884	0.0	0.05755	0.35457	0.01935	0.03558	0.23307	0.0	0.01909	0.18166	0.0	
B4GALT1	ENSG00000086062	terminal_modification	downstream_diversification	yes	yes	384.0	0.08316	0.50554	0.06349	0.05621	0.33385	0.00264	0.06951	0.41344	0.01583	0.07443	0.46385	0.03403	0.08253	0.34349	0.00792	0.01003	0.05093	0.0	0.02232	0.23678	0.0	0.08159	0.31374	0.00303	0.04794	0.15971	0.0	0.02826	0.23689	0.0	
B4GALT2	ENSG00000117411	terminal_modification	downstream_diversification	yes	yes	85.0	0.1032	0.55971	0.08537	0.11835	0.60778	0.08537	0.13421	0.67762	0.12195	0.11452	0.56166	0.08235	0.01972	0.13827	0.0	0.01412	0.13813	0.0	0.01083	0.13613	0.0	0.03229	0.14703	0.0	0.01986	0.07366	0.0	0.01824	0.0808	0.0	
B4GALT3	ENSG00000158850	terminal_modification	downstream_diversification	yes	yes	44.0	0.06331	0.26075	0.0	0.07169	0.31564	0.09091	0.07352	0.35372	0.02326	0.04206	0.16109	0.0	0.01481	0.06536	0.0	0.00541	0.02932	0.0	0.01964	0.08089	0.0	0.02323	0.16357	0.0	0.03594	0.14938	0.0	0.02435	0.07309	0.0	
B4GALT4	ENSG00000121578	terminal_modification	downstream_diversification	yes	yes	257.0	0.06377	1.0	0.02287	0.08644	0.33407	0.00389	0.06673	0.37331	0.01569	0.04642	0.31622	0.00391	0.04747	0.25488	0.0	0.02491	0.16354	0.0	0.02679	0.15604	0.0	0.05094	0.23538	0.0	0.03547	0.1012	0.0	0.02692	0.12243	0.0	
B4GALT5	ENSG00000158470	terminal_modification	downstream_diversification	yes	yes	393.0	0.03532	0.2645	0.0	0.04784	0.19453	0.0	0.05829	0.29931	0.0	0.07776	0.42669	0.01531	0.01203	0.13989	0.0	0.01151	0.14981	0.0	0.02576	0.15042	0.0	0.03253	1.0	0.00172	0.04816	1.0	0.00169	0.01245	0.12714	0.0	
B4GALT6	ENSG00000118276	terminal_modification	downstream_diversification	yes	yes	232.0	0.08021	0.40851	0.09052	0.11245	0.55679	0.15584	0.10011	0.46188	0.11504	0.11887	0.63346	0.13362	0.02329	0.14414	0.0	0.01028	0.10427	0.0	0.02323	0.1257	0.0	0.03667	0.25708	0.0	0.03103	1.0	0.00262	0.02676	1.0	0.0026	
ST3GAL4	ENSG00000110080	terminal_modification	downstream_diversification	yes	yes	405.0	0.07036	0.33657	0.01493	0.13037	0.73696	0.12718	0.06754	0.41429	0.00748	0.07925	0.45813	0.01995	0.09046	0.48727	0.10864	0.0142	0.19051	0.0	0.02178	0.1904	0.0	0.12003	0.54295	0.09565	0.11074	0.65491	0.11875	0.0213	0.18625	0.0	
ST6GAL1	ENSG00000073849	terminal_modification	downstream_diversification	yes	yes	119.0	0.05209	0.20726	0.0	0.08721	0.29551	0.0	0.06322	0.25934	0.0	0.07917	0.26116	0.0	0.04212	0.14412	0.0	0.01229	0.05207	0.0	0.02349	0.10041	0.0	0.06095	0.27464	0.0	0.04313	0.27131	0.0	0.0196	0.08783	0.0	
ST8SIA2	ENSG00000140557	terminal_modification	downstream_diversification	yes	yes	484.0	0.08013	0.54205	0.02725	0.11641	0.70851	0.10187	0.09983	0.59894	0.06485	0.08923	0.59402	0.03106	0.03153	0.18702	0.0	0.021	0.25675	0.0	0.01345	0.23818	0.0	0.06838	0.41475	0.0396	0.05215	0.26621	0.0	0.02079	0.14223	0.0	
ST8SIA3	ENSG00000177511	terminal_modification	downstream_diversification	yes	yes	157.0	0.10116	0.53459	0.05732	0.132	0.55709	0.17834	0.1002	0.59325	0.05517	0.09576	0.6313	0.07643	0.02265	0.12061	0.0	0.03377	0.1344	0.0	0.01798	0.12698	0.0	0.08367	0.36157	0.14516	0.05331	0.22022	0.0	0.01796	0.13917	0.0	
ST8SIA6	ENSG00000148488	terminal_modification	downstream_diversification	yes	yes	958.0	0.05346	0.47165	0.03243	0.09964	0.64898	0.08272	0.06263	0.53823	0.03455	0.05284	0.5197	0.01358	0.06615	0.34763	0.00838	0.0099	0.16173	0.0	0.01581	0.23482	0.0	0.09045	1.0	0.03428	0.08014	0.38332	0.03917	0.01445	1.0	0.00058	
CHST8	ENSG00000124302	terminal_modification	downstream_diversification	yes	yes	405.0	0.058	1.0	0.00892	0.08373	0.51518	0.04726	0.07937	0.44118	0.01	0.06739	0.3039	0.00248	0.05716	0.32669	0.02778	0.02294	0.18618	0.0	0.02417	0.25591	0.0	0.05174	0.32546	0.00602	0.03299	0.20614	0.0	0.01586	0.13103	0.0	
CHST10	ENSG00000115526	terminal_modification	downstream_diversification	yes	yes	230.0	0.11605	0.45448	0.07522	0.16772	0.68377	0.18261	0.16979	0.59967	0.25221	0.08894	0.36287	0.01316	0.03713	0.26451	0.0	0.02985	0.24199	0.0	0.02097	0.24484	0.0	0.04375	0.19062	0.0	0.0878	0.36208	0.08475	0.06123	0.198	0.0	
B4GALNT2	ENSG00000167080	terminal_modification	downstream_diversification	yes	yes	311.0	0.03604	0.2122	0.0	0.11263	0.50682	0.0356	0.04024	0.2903	0.0	0.03816	0.24516	0.0	0.07109	0.31511	0.00974	0.01185	0.14365	0.0	0.02091	0.10461	0.0	0.11432	0.45533	0.07422	0.13766	0.34611	0.01681	0.02264	0.17362	0.0	
