symbol	ensembl_gene_id	primary_region	analysis_group	include_primary	include_sensitivity	ihs_mean_YRI	ihs_max_YRI	ihs_frac_gt2_YRI	ihs_nwin_YRI	ihs_mean_ESN	ihs_max_ESN	ihs_frac_gt2_ESN	ihs_nwin_ESN	ihs_mean_GWD	ihs_max_GWD	ihs_frac_gt2_GWD	ihs_nwin_GWD	ihs_mean_LWK	ihs_max_LWK	ihs_frac_gt2_LWK	ihs_nwin_LWK	ihs_mean_MSL	ihs_max_MSL	ihs_frac_gt2_MSL	ihs_nwin_MSL	ihs_mean_ACB	ihs_max_ACB	ihs_frac_gt2_ACB	ihs_nwin_ACB	ihs_mean_ASW	ihs_max_ASW	ihs_frac_gt2_ASW	ihs_nwin_ASW	ihs_mean_CLM	ihs_max_CLM	ihs_frac_gt2_CLM	ihs_nwin_CLM	ihs_mean_MXL	ihs_max_MXL	ihs_frac_gt2_MXL	ihs_nwin_MXL	ihs_mean_PEL	ihs_max_PEL	ihs_frac_gt2_PEL	ihs_nwin_PEL	ihs_mean_PUR	ihs_max_PUR	ihs_frac_gt2_PUR	ihs_nwin_PUR	ihs_mean_CHB	ihs_max_CHB	ihs_frac_gt2_CHB	ihs_nwin_CHB	ihs_mean_CDX	ihs_max_CDX	ihs_frac_gt2_CDX	ihs_nwin_CDX	ihs_mean_CHS	ihs_max_CHS	ihs_frac_gt2_CHS	ihs_nwin_CHS	ihs_mean_JPT	ihs_max_JPT	ihs_frac_gt2_JPT	ihs_nwin_JPT	ihs_mean_KHV	ihs_max_KHV	ihs_frac_gt2_KHV	ihs_nwin_KHV	ihs_mean_CEU	ihs_max_CEU	ihs_frac_gt2_CEU	ihs_nwin_CEU	ihs_mean_GBR	ihs_max_GBR	ihs_frac_gt2_GBR	ihs_nwin_GBR	ihs_mean_FIN	ihs_max_FIN	ihs_frac_gt2_FIN	ihs_nwin_FIN	ihs_mean_IBS	ihs_max_IBS	ihs_frac_gt2_IBS	ihs_nwin_IBS	ihs_mean_TSI	ihs_max_TSI	ihs_frac_gt2_TSI	ihs_nwin_TSI	ihs_mean_BEB	ihs_max_BEB	ihs_frac_gt2_BEB	ihs_nwin_BEB	ihs_mean_GIH	ihs_max_GIH	ihs_frac_gt2_GIH	ihs_nwin_GIH	ihs_mean_ITU	ihs_max_ITU	ihs_frac_gt2_ITU	ihs_nwin_ITU	ihs_mean_PJL	ihs_max_PJL	ihs_frac_gt2_PJL	ihs_nwin_PJL	ihs_mean_STU	ihs_max_STU	ihs_frac_gt2_STU	ihs_nwin_STU	ihs_max_AFR	ihs_mean_AFR	ihs_max_AMR	ihs_mean_AMR	ihs_max_EAS	ihs_mean_EAS	ihs_max_EUR	ihs_mean_EUR	ihs_max_SAS	ihs_mean_SAS
HK1	ENSG00000156515	substrate_biosynthesis	substrate_support	no	yes	0.7105	1.0975	0.0	109121	0.7484	1.2594	0.0	109121	0.6207	1.1079	0.0	109121	0.7559	1.0679	0.0	109121	0.7222	1.015	0.0	109121	0.7869	1.295	0.0	109121	0.8181	1.1323	0.0	109121	0.7581	1.0596	0.0	109121	0.8779	1.6104	0.0	109121	1.2985	1.7522	0.0	109121	0.8136	1.1348	0.0	109121	1.1524	1.5389	0.0	109121	1.4962	1.9777	0.0	109121	1.1006	1.6792	0.0	109121	0.972	1.8529	0.0	109121	0.9399	1.2953	0.0	109121	0.9355	1.5519	0.0	109121	0.7389	1.1772	0.0	109121	0.6402	0.9944	0.0	109121	0.7378	0.9553	0.0	109121	0.9117	1.4329	0.0	109121	0.6924	0.9587	0.0	109121	0.6639	0.947	0.0	109121	0.7182	1.0849	0.0	109121	0.6432	1.048	0.0	109121	0.7481	1.0222	0.0	109121	1.295	0.7375	1.7522	0.937	1.9777	1.1322	1.5519	0.7928	1.0849	0.6932
MPI	ENSG00000178802	substrate_biosynthesis	substrate_support	no	yes	1.0118	1.1058	0.0	17058	0.8205	1.0795	0.0	17058	0.5361	0.5978	0.0	17058	0.78	0.8589	0.0	17058	0.7933	0.8107	0.0	17058	0.6589	0.7059	0.0	17058	0.6406	0.6936	0.0	17058	0.5561	0.6622	0.0	17058	1.0772	1.2812	0.0	17058	0.882	1.0809	0.0	17058	0.821	0.9363	0.0	17058	0.9114	1.0199	0.0	17058	0.7882	0.9031	0.0	17058	0.8553	0.957	0.0	17058	0.8747	0.9114	0.0	17058	0.6971	0.7277	0.0	17058	1.6916	1.9028	0.0	17058	1.5571	1.5801	0.0	17058	1.6907	1.832	0.0	17058	1.1786	1.2611	0.0	17058	1.22	1.3056	0.0	17058	0.7345	0.7486	0.0	17058	0.6312	0.6798	0.0	17058	0.5447	0.5447	0.0	17058	0.8725	0.8931	0.0	17058	0.5146	0.6052	0.0	17058	1.1058	0.7487	1.2812	0.8341	1.0199	0.8253	1.9028	1.4676	0.8931	0.6595
PMM1	ENSG00000100417	substrate_biosynthesis	substrate_support	no	yes	0.7838	1.1534	0.0	20743	0.5646	0.6456	0.0	20743	0.9441	1.2171	0.0	20743	0.629	0.8875	0.0	20743	0.787	0.9744	0.0	20743	0.7771	0.8102	0.0	20743	0.8294	1.0745	0.0	20743	0.6295	0.8554	0.0	20743	1.4743	1.5499	0.0	20743	1.3562	1.3977	0.0	20743	0.37	0.6986	0.0	20743	0.4854	0.9077	0.0	20743	1.1355	1.6442	0.0	20743	0.9018	1.3549	0.0	20743	0.8969	1.2008	0.0	20743	0.4631	0.8184	0.0	20743	0.6744	1.1134	0.0	20743	0.5048	0.7132	0.0	20743	0.3328	0.4721	0.0	20743	0.4674	0.6905	0.0	20743	0.3852	0.6454	0.0	20743	0.7991	1.015	0.0	20743	0.3389	0.6624	0.0	20743	0.569	0.7826	0.0	20743	0.648	1.0626	0.0	20743	0.4127	0.501	0.0	20743	1.2171	0.7593	1.5499	0.9575	1.6442	0.7765	1.1134	0.4729	1.0626	0.5535
PMM2	ENSG00000140650	substrate_biosynthesis	substrate_support	no	yes	0.8721	1.3853	0.0	58533	0.8076	1.0475	0.0	58533	0.8587	1.2633	0.0	58533	0.7733	1.0562	0.0	58533	0.7517	1.1924	0.0	58533	0.6953	0.9578	0.0	58533	0.8367	1.1453	0.0	58533	0.838	0.9915	0.0	58533	0.749	0.8694	0.0	58533	1.0633	1.4853	0.0	58533	0.7202	1.0042	0.0	58533	1.0307	1.2142	0.0	58533	0.9155	1.0331	0.0	58533	1.0468	1.3026	0.0	58533	0.886	1.0999	0.0	58533	0.8319	1.0445	0.0	58533	0.8421	1.1075	0.0	58533	0.6321	0.7795	0.0	58533	0.5556	0.9066	0.0	58533	0.6783	0.9215	0.0	58533	0.705	0.8593	0.0	58533	0.5848	1.0524	0.0	58533	0.4845	0.7953	0.0	58533	0.6824	0.9178	0.0	58533	0.8082	1.1092	0.0	58533	0.7292	1.0356	0.0	58533	1.3853	0.7993	1.4853	0.8426	1.3026	0.9422	1.1075	0.6826	1.1092	0.6578
GMPPA	ENSG00000144591	substrate_biosynthesis	substrate_support	no	yes	0.5838	0.6578	0.0	20821	0.6471	0.7166	0.0	20821	1.1969	1.3945	0.0	20821	0.6859	0.7111	0.0	20821	0.5503	0.6002	0.0	20821	0.7749	0.9893	0.0	20821	0.5125	0.5258	0.0	20821	0.537	0.5755	0.0	20821	0.501	0.6534	0.0	20821	0.6432	1.0005	0.0	20821	0.395	0.4609	0.0	20821	1.4456	1.8362	0.0	20821	1.843	2.0317	0.4803	20821	1.9647	2.1702	0.4803	20821	1.3867	1.557	0.0	20821	1.7625	2.1597	0.4803	20821	0.6657	0.7672	0.0	20821	0.6259	0.7846	0.0	20821	0.7399	0.8719	0.0	20821	0.761	0.8703	0.0	20821	0.5261	0.5378	0.0	20821	0.6767	0.827	0.0	20821	0.7172	0.8428	0.0	20821	0.6645	0.8021	0.0	20821	0.4964	0.5216	0.0	20821	0.7865	0.9082	0.0	20821	1.3945	0.7073	1.0005	0.519	2.1702	1.6805	0.8719	0.6637	0.9082	0.6683
GMPPB	ENSG00000173540	substrate_biosynthesis	substrate_support	no	yes	0.3565	0.4282	0.0	19344	0.3574	0.4857	0.0	19344	0.8338	0.9177	0.0	19344	0.4858	0.5011	0.0	19344	0.7706	0.777	0.0	19344	0.337	0.3662	0.0	19344	0.3767	0.398	0.0	19344	0.6415	0.6703	0.0	19344	0.4526	0.5025	0.0	19344	0.3791	0.4148	0.0	19344	0.7674	0.8436	0.0	19344	0.3703	0.4039	0.0	19344	0.0	0.0	0.0	19344	0.378	0.3816	0.0	19344	0.4202	0.4351	0.0	19344	0.476	0.6358	0.0	19344	0.5904	0.6616	0.0	19344	0.5842	0.6474	0.0	19344	0.8746	0.9827	0.0	19344	0.7649	0.8817	0.0	19344	0.9492	1.1009	0.0	19344	1.2231	1.3493	0.0	19344	1.0951	1.2767	0.0	19344	0.2802	0.3539	0.0	19344	1.1482	1.2598	0.0	19344	1.7368	1.8188	0.0	19344	0.9177	0.5025	0.8436	0.5602	0.6358	0.3289	1.1009	0.7527	1.8188	1.0967
DPM1	ENSG00000000419	substrate_biosynthesis	substrate_support	no	yes	0.9525	2.2018	0.1391	32167	1.2765	2.0985	0.1391	32167	1.6525	2.6155	0.45	32167	1.4792	2.7695	0.1391	32167	1.494	2.8259	0.1391	32167	1.7239	2.7305	0.1391	32167	2.1095	3.3153	0.45	32167	0.8283	1.3239	0.0	32167	0.8896	1.3556	0.0	32167	0.4916	0.5642	0.0	32167	1.4438	1.913	0.0	32167	1.186	1.7879	0.0	32167	1.026	1.0951	0.0	32167	1.2103	1.7591	0.0	32167	0.5932	0.7039	0.0	32167	1.2594	1.938	0.0	32167	0.9935	1.069	0.0	32167	1.0924	1.1175	0.0	32167	1.1642	1.3598	0.0	32167	1.2215	1.4551	0.0	32167	1.9326	2.1108	0.3109	32167	1.1532	1.1818	0.0	32167	1.3767	1.4593	0.0	32167	1.4261	1.6974	0.0	32167	1.1504	1.5459	0.0	32167	1.7758	2.0454	0.1391	32167	3.3153	1.5269	1.913	0.9133	1.938	1.055	2.1108	1.2808	2.0454	1.3764
DPM2	ENSG00000136908	substrate_biosynthesis	substrate_support	no	yes	1.0761	1.4643	0.0	22174	0.9056	1.3172	0.0	22174	0.6789	0.6971	0.0	22174	1.0086	1.0839	0.0	22174	0.7392	0.8136	0.0	22174	0.7552	0.7946	0.0	22174	0.9182	1.0201	0.0	22174	1.0839	1.3135	0.0	22174	0.7479	0.8998	0.0	22174	0.504	0.8211	0.0	22174	0.4452	0.5501	0.0	22174	1.5523	1.8146	0.0	22174	0.8459	1.0213	0.0	22174	1.5518	1.9522	0.0	22174	1.9511	2.1534	0.451	22174	1.6843	1.9886	0.0	22174	0.2958	0.4227	0.0	22174	0.7273	0.7784	0.0	22174	0.6017	0.7818	0.0	22174	0.82	0.8748	0.0	22174	0.4433	0.5064	0.0	22174	0.9825	1.1885	0.0	22174	1.0163	1.3121	0.0	22174	0.3067	0.4377	0.0	22174	0.5179	0.6622	0.0	22174	0.6253	0.7869	0.0	22174	1.4643	0.8688	1.3135	0.6952	2.1534	1.5171	0.8748	0.5776	1.3121	0.6897
DPM3	ENSG00000179085	substrate_biosynthesis	substrate_support	no	yes	0.7711	0.7822	0.0	11238	0.9122	1.086	0.0	11238	0.806	0.8364	0.0	11238	0.6571	0.7098	0.0	11238	0.4305	0.4549	0.0	11238	0.5175	0.5559	0.0	11238	0.4477	0.5653	0.0	11238	0.7778	0.9506	0.0	11238	0.9104	0.9576	0.0	11238	1.319	1.3929	0.0	11238	0.6787	0.6928	0.0	11238	1.1602	1.6353	0.0	11238	0.989	1.025	0.0	11238	1.1059	1.5588	0.0	11238	0.8384	1.1817	0.0	11238	0.7542	0.7947	0.0	11238	0.5882	0.8363	0.0	11238	0.3305	0.6094	0.0	11238	0.0	0.0	0.0	11238	0.4979	0.5516	0.0	11238	0.5988	0.6062	0.0	11238	0.5879	0.6889	0.0	11238	0.3313	0.3376	0.0	11238	0.9345	1.0393	0.0	11238	0.827	0.8815	0.0	11238	0.8536	0.9775	0.0	11238	1.086	0.6489	1.3929	0.9215	1.6353	0.9695	0.8363	0.4031	1.0393	0.7069
DOLK	ENSG00000175283	substrate_biosynthesis	substrate_support	no	yes	0.873	0.873	0.0	7650	0.7956	0.7956	0.0	7650	0.8805	0.8805	0.0	7650	0.6175	0.6175	0.0	7650	1.0763	1.0763	0.0	7650	0.6282	0.6282	0.0	7650	0.563	0.563	0.0	7650	0.3027	0.3027	0.0	7650	0.6491	0.6491	0.0	7650	0.2534	0.2534	0.0	7650	0.3336	0.3336	0.0	7650	0.8954	0.8954	0.0	7650	1.0967	1.0967	0.0	7650	0.2226	0.2226	0.0	7650	0.1265	0.1265	0.0	7650	0.3148	0.3148	0.0	7650	0.4235	0.4235	0.0	7650	0.3393	0.3393	0.0	7650	0.6194	0.6194	0.0	7650	1.0263	1.0263	0.0	7650	0.5419	0.5419	0.0	7650	0.5871	0.5871	0.0	7650	1.2382	1.2382	0.0	7650	0.8648	0.8648	0.0	7650	0.9965	0.9965	0.0	7650	0.5397	0.5397	0.0	7650	1.0763	0.7763	0.6491	0.3847	1.0967	0.5312	1.0263	0.5901	1.2382	0.8453
DOLPP1	ENSG00000167130	substrate_biosynthesis	substrate_support	no	yes	0.6411	0.8284	0.0	18060	0.6873	0.8723	0.0	18060	0.9414	1.0846	0.0	18060	0.5064	0.8647	0.0	18060	0.8908	1.1906	0.0	18060	0.7798	1.1234	0.0	18060	0.8707	1.0661	0.0	18060	0.9023	1.0918	0.0	18060	0.7793	1.0392	0.0	18060	0.4604	0.5582	0.0	18060	0.9058	1.0772	0.0	18060	0.6295	0.6996	0.0	18060	0.7055	0.9762	0.0	18060	0.5915	0.977	0.0	18060	0.53	0.5928	0.0	18060	0.555	0.826	0.0	18060	0.9161	1.1571	0.0	18060	0.6647	0.8759	0.0	18060	0.2785	0.292	0.0	18060	1.1889	1.4406	0.0	18060	1.0397	1.172	0.0	18060	0.7555	1.0597	0.0	18060	0.7322	0.9271	0.0	18060	0.7523	0.864	0.0	18060	0.4967	1.0073	0.0	18060	0.6794	0.9753	0.0	18060	1.1906	0.7596	1.0918	0.762	0.977	0.6023	1.4406	0.8176	1.0597	0.6832
DHDDS	ENSG00000117682	substrate_biosynthesis	substrate_support	no	yes	0.7105	0.8195	0.0	34810	0.7094	0.8513	0.0	34810	0.9102	1.0463	0.0	34810	1.1398	1.4842	0.0	34810	0.6393	0.7755	0.0	34810	0.9444	1.1685	0.0	34810	1.0	1.2825	0.0	34810	0.988	1.1588	0.0	34810	0.9047	1.0669	0.0	34810	0.5768	0.6325	0.0	34810	0.9115	1.1145	0.0	34810	0.8674	1.2233	0.0	34810	1.4387	2.1469	0.2873	34810	1.0093	1.3302	0.0	34810	1.0385	1.2504	0.0	34810	0.8713	1.3618	0.0	34810	1.2355	1.5546	0.0	34810	1.1617	1.3896	0.0	34810	0.8631	1.1782	0.0	34810	1.1712	1.5204	0.0	34810	1.4635	1.9668	0.0	34810	0.6548	0.7549	0.0	34810	0.8674	1.2852	0.0	34810	0.952	1.317	0.0	34810	0.6317	0.8909	0.0	34810	0.8349	1.0447	0.0	34810	1.4842	0.8648	1.1588	0.8452	2.1469	1.045	1.9668	1.179	1.317	0.7882
NUS1	ENSG00000153989	substrate_biosynthesis	substrate_support	no	yes	0.3258	0.4569	0.0	32039	0.3402	0.3806	0.0	32039	0.6906	0.833	0.0	32039	0.786	1.0397	0.0	32039	0.5493	0.6984	0.0	32039	0.7841	0.9811	0.0	32039	0.7884	1.0977	0.0	32039	1.2959	1.5569	0.0	32039	0.6312	0.7595	0.0	32039	0.4636	0.9175	0.0	32039	0.6617	0.9788	0.0	32039	0.6551	0.9126	0.0	32039	0.8098	0.958	0.0	32039	0.9269	1.1623	0.0	32039	0.7178	1.0077	0.0	32039	1.0361	1.308	0.0	32039	0.4619	0.8045	0.0	32039	0.3781	1.0824	0.0	32039	0.5462	0.7871	0.0	32039	0.5126	0.7845	0.0	32039	0.4765	0.5036	0.0	32039	0.466	0.7728	0.0	32039	0.4576	0.5181	0.0	32039	0.3277	0.4089	0.0	32039	0.4601	0.549	0.0	32039	0.3737	0.9539	0.0	32039	1.0977	0.6092	1.5569	0.7631	1.308	0.8291	1.0824	0.4751	0.9539	0.417
SRD5A3	ENSG00000128039	substrate_biosynthesis	substrate_support	no	yes	0.5853	0.6411	0.0	34480	0.594	0.6251	0.0	34480	0.4475	0.554	0.0	34480	0.5987	0.7201	0.0	34480	0.6289	0.7425	0.0	34480	0.8469	0.9519	0.0	34480	0.9127	1.0458	0.0	34480	0.496	0.6085	0.0	34480	0.5322	0.6709	0.0	34480	0.4868	0.6782	0.0	34480	0.568	0.7454	0.0	34480	0.8739	1.0665	0.0	34480	0.74	0.9076	0.0	34480	0.7981	1.2376	0.0	34480	0.4676	0.6049	0.0	34480	0.8614	1.0798	0.0	34480	0.4411	0.5836	0.0	34480	0.5845	0.7306	0.0	34480	0.9302	1.0998	0.0	34480	0.5136	0.6053	0.0	34480	0.4995	0.6025	0.0	34480	0.455	0.5088	0.0	34480	0.5025	0.7677	0.0	34480	0.6674	0.757	0.0	34480	0.554	0.6615	0.0	34480	0.4282	0.5696	0.0	34480	1.0458	0.6591	0.7454	0.5208	1.2376	0.7482	1.0998	0.5938	0.7677	0.5214
MPDU1	ENSG00000129255	substrate_biosynthesis	substrate_support	no	yes				0				0				0				0				0				0				0				0				0				0				0				0				0				0				0				0				0				0				0				0				0				0				0				0				0				0										
PGM3	ENSG00000013375	substrate_biosynthesis	substrate_support	no	yes	0.6336	1.3029	0.0	58582	0.4894	0.982	0.0	58582	0.8919	1.6415	0.0	58582	0.9017	1.4607	0.0	58582	1.0	1.6726	0.0	58582	0.8236	1.2096	0.0	58582	0.653	1.0299	0.0	58582	0.6911	0.9808	0.0	58582	0.4691	0.626	0.0	58582	0.446	0.534	0.0	58582	1.0339	1.2011	0.0	58582	1.1803	1.4449	0.0	58582	0.9347	1.1238	0.0	58582	0.9983	1.2918	0.0	58582	0.9631	1.2588	0.0	58582	0.8539	1.0513	0.0	58582	0.5559	0.7674	0.0	58582	0.4879	0.811	0.0	58582	0.4944	0.7766	0.0	58582	0.6347	1.0897	0.0	58582	0.6536	1.0286	0.0	58582	1.6206	2.1655	0.3414	58582	1.1506	1.6192	0.0	58582	1.7553	2.1697	0.1707	58582	0.9539	1.4648	0.0	58582	1.3196	1.8034	0.0	58582	1.6726	0.7705	1.2011	0.66	1.4449	0.9861	1.0897	0.5653	2.1697	1.36
UAP1	ENSG00000117143	substrate_biosynthesis	substrate_support	no	yes	0.635	1.1594	0.0	45024	0.8478	1.2572	0.0	45024	0.8223	1.5044	0.0	45024	0.8612	1.133	0.0	45024	0.4521	0.7464	0.0	45024	0.6473	1.3153	0.0	45024	0.6749	0.847	0.0	45024	0.503	0.5987	0.0	45024	0.5484	0.622	0.0	45024	0.6792	0.821	0.0	45024	0.3647	0.4417	0.0	45024	0.7566	1.2707	0.0	45024	1.2841	1.7196	0.0	45024	0.9005	1.3536	0.0	45024	1.8609	2.1731	0.5162	45024	1.0848	1.7078	0.0	45024	0.4556	0.7694	0.0	45024	0.5983	0.7353	0.0	45024	0.5345	0.8697	0.0	45024	0.4551	0.7239	0.0	45024	0.6148	0.7395	0.0	45024	0.4248	0.7123	0.0	45024	0.3949	0.9196	0.0	45024	0.4998	0.9006	0.0	45024	0.4968	0.9281	0.0	45024	0.6361	1.0033	0.0	45024	1.5044	0.7058	0.821	0.5238	2.1731	1.1774	0.8697	0.5317	1.0033	0.4905
GFPT1	ENSG00000198380	substrate_biosynthesis	substrate_support	no	yes	0.7259	0.9715	0.0	65638	0.6901	0.8588	0.0	65638	0.5923	0.9265	0.0	65638	0.7792	1.3412	0.0	65638	0.6983	1.0972	0.0	65638	0.8428	1.3618	0.0	65638	0.9138	1.5317	0.0	65638	0.0379	0.2533	0.0	65638	0.0244	0.1628	0.0	65638	0.4925	0.9344	0.0	65638	1.1122	1.6489	0.0	65638	1.315	1.8976	0.0	65638	0.9538	1.3393	0.0	65638	1.4759	2.052	0.3047	65638	1.1924	1.5018	0.0	65638	0.1286	0.8601	0.0	65638	0.6853	1.2192	0.0	65638	0.1685	0.5255	0.0	65638	0.4945	0.5549	0.0	65638	0.431	0.4831	0.0	65638	0.2155	0.9611	0.0	65638	0.9196	1.3814	0.0	65638	0.6924	1.0812	0.0	65638	0.9643	1.427	0.0	65638	0.9728	1.7012	0.0	65638	0.7151	0.8843	0.0	65638	1.5317	0.7489	1.6489	0.4168	2.052	1.0131	1.2192	0.399	1.7012	0.8528
GFPT2	ENSG00000131459	substrate_biosynthesis	substrate_support	no	yes	0.8524	1.1125	0.0	29163	0.7058	0.8387	0.0	29163	0.9387	1.2227	0.0	29163	0.7742	1.013	0.0	29163	0.683	0.8074	0.0	29163	0.5363	0.7686	0.0	29163	0.5351	0.6201	0.0	29163	0.5359	0.5944	0.0	29163	0.5151	0.5668	0.0	29163	0.6105	0.7965	0.0	29163	0.5274	0.5619	0.0	29163	0.9313	1.2216	0.0	29163	0.7855	1.0954	0.0	29163	0.9064	1.0759	0.0	29163	0.8826	1.1491	0.0	29163	0.9517	1.1997	0.0	29163	0.5929	0.6203	0.0	29163	0.5972	0.6344	0.0	29163	0.7312	0.763	0.0	29163	0.7115	0.8279	0.0	29163	0.6762	0.7211	0.0	29163	1.016	1.1625	0.0	29163	0.8441	0.9905	0.0	29163	0.8658	0.9736	0.0	29163	0.8944	1.0894	0.0	29163	1.1116	1.3508	0.0	29163	1.2227	0.7179	0.7965	0.5472	1.2216	0.8915	0.8279	0.6618	1.3508	0.9464
GNPNAT1	ENSG00000100522	substrate_biosynthesis	substrate_support	no	yes	1.025	1.2767	0.0	29836	0.8661	1.1763	0.0	29836	0.6238	0.9764	0.0	29836	0.7902	1.1254	0.0	29836	0.8038	1.1305	0.0	29836	0.8514	1.3078	0.0	29836	0.6757	0.8279	0.0	29836	0.5837	0.9861	0.0	29836	1.0282	1.3496	0.0	29836	0.9547	1.2194	0.0	29836	0.8365	0.9911	0.0	29836	0.6737	0.7869	0.0	29836	0.4811	0.5357	0.0	29836	0.6904	1.049	0.0	29836	0.6759	0.9081	0.0	29836	0.9209	1.2179	0.0	29836	0.6934	1.1348	0.0	29836	0.4369	0.5418	0.0	29836	0.4922	0.7096	0.0	29836	0.7735	0.9387	0.0	29836	1.0678	1.1392	0.0	29836	0.3735	0.4785	0.0	29836	0.4161	0.4788	0.0	29836	0.1843	0.199	0.0	29836	0.2211	0.2826	0.0	29836	0.5257	0.6454	0.0	29836	1.3078	0.8051	1.3496	0.8508	1.2179	0.6884	1.1392	0.6928	0.6454	0.3441
NAGK	ENSG00000124357	substrate_biosynthesis	substrate_support	no	yes	0.6684	0.6684	0.0	10000	0.9692	0.9692	0.0	10000	0.6844	0.6844	0.0	10000	0.5908	0.5908	0.0	10000	0.7801	0.7801	0.0	10000	0.6605	0.6605	0.0	10000	0.6452	0.6452	0.0	10000	0.7514	0.7514	0.0	10000	1.2428	1.2428	0.0	10000	0.8783	0.8783	0.0	10000	0.6202	0.6202	0.0	10000	0.461	0.461	0.0	10000	0.7861	0.7861	0.0	10000	0.531	0.531	0.0	10000	0.7039	0.7039	0.0	10000	0.7474	0.7474	0.0	10000	0.7316	0.7316	0.0	10000	0.628	0.628	0.0	10000	0.7034	0.7034	0.0	10000	0.5439	0.5439	0.0	10000	0.7313	0.7313	0.0	10000	0.9571	0.9571	0.0	10000	0.8104	0.8104	0.0	10000	1.0537	1.0537	0.0	10000	0.7381	0.7381	0.0	10000	0.9112	0.9112	0.0	10000	0.9692	0.7141	1.2428	0.8732	0.7861	0.6459	0.7316	0.6676	1.0537	0.8941
GNE	ENSG00000159921	substrate_biosynthesis	substrate_support	no	yes	0.622	0.6773	0.0	32841	0.5227	0.5908	0.0	32841	0.6349	0.7227	0.0	32841	0.5679	0.6947	0.0	32841	0.6571	0.7752	0.0	32841	0.6439	0.7094	0.0	32841	0.5565	0.6417	0.0	32841	0.7664	0.9211	0.0	32841	0.9052	1.1269	0.0	32841	1.2271	1.4646	0.0	32841	0.5211	0.6117	0.0	32841	0.8441	1.2072	0.0	32841	0.7615	0.988	0.0	32841	0.7227	1.1771	0.0	32841	0.8955	0.9957	0.0	32841	0.6149	0.7826	0.0	32841	0.7983	0.9863	0.0	32841	0.8733	1.0535	0.0	32841	0.8254	0.9472	0.0	32841	0.882	1.029	0.0	32841	1.0763	1.331	0.0	32841	0.8635	1.0961	0.0	32841	0.7935	0.9779	0.0	32841	0.7516	0.8695	0.0	32841	0.7336	0.8549	0.0	32841	0.8619	1.0283	0.0	32841	0.7752	0.6007	1.4646	0.855	1.2072	0.7677	1.331	0.8911	1.0961	0.8008
NANS	ENSG00000095380	substrate_biosynthesis	substrate_support	no	yes	0.9787	1.117	0.0	25423	1.1991	1.3544	0.0	25423	0.7241	0.8572	0.0	25423	1.0434	1.2342	0.0	25423	0.9332	1.001	0.0	25423	0.9582	1.0036	0.0	25423	0.9204	1.0081	0.0	25423	0.8716	1.0293	0.0	25423	0.7426	0.8617	0.0	25423	0.9968	1.1492	0.0	25423	0.644	0.7294	0.0	25423	0.6051	0.7485	0.0	25423	0.8769	1.0515	0.0	25423	0.8178	1.0249	0.0	25423	0.4191	0.4928	0.0	25423	0.8327	0.9916	0.0	25423	0.9306	1.0969	0.0	25423	0.8322	1.0351	0.0	25423	0.383	0.5307	0.0	25423	0.5492	0.6837	0.0	25423	0.592	0.6592	0.0	25423	0.9045	1.1131	0.0	25423	1.0197	1.0951	0.0	25423	1.4607	1.7197	0.0	25423	0.8656	0.9621	0.0	25423	1.2899	1.4771	0.0	25423	1.3544	0.9653	1.1492	0.8138	1.0515	0.7103	1.0969	0.6574	1.7197	1.1081
NANP	ENSG00000170191	substrate_biosynthesis	substrate_support	no	yes	0.6014	0.66	0.0	20000	0.5612	0.6345	0.0	20000	0.3622	0.4072	0.0	20000	0.8129	0.8777	0.0	20000	0.3122	0.3327	0.0	20000	0.5236	0.5874	0.0	20000	0.6007	0.7316	0.0	20000	0.8756	1.087	0.0	20000	0.4186	0.4359	0.0	20000	0.5257	0.5981	0.0	20000	1.0122	1.2124	0.0	20000	0.1675	0.1678	0.0	20000	0.7316	0.8721	0.0	20000	0.2471	0.2597	0.0	20000	0.3619	0.423	0.0	20000	0.3076	0.3568	0.0	20000	0.8544	1.0081	0.0	20000	0.488	0.5459	0.0	20000	0.3146	0.4287	0.0	20000	0.7763	0.9725	0.0	20000	0.48	0.5283	0.0	20000	0.3302	0.4117	0.0	20000	0.3734	0.4813	0.0	20000	0.4662	0.5718	0.0	20000	0.3524	0.4016	0.0	20000	0.4558	0.5833	0.0	20000	0.8777	0.5392	1.2124	0.708	0.8721	0.3631	1.0081	0.5827	0.5833	0.3956
CMAS	ENSG00000111726	substrate_biosynthesis	substrate_support	no	yes	0.7617	0.8937	0.0	15305	0.6529	0.706	0.0	15305	0.7153	0.7237	0.0	15305	0.5727	0.6614	0.0	15305	0.5057	0.6081	0.0	15305	0.6702	0.7174	0.0	15305	0.7746	0.8985	0.0	15305	0.7471	0.7819	0.0	15305	0.4526	0.4851	0.0	15305	0.0	0.0	0.0	15305	0.7822	0.8524	0.0	15305	0.651	0.7251	0.0	15305	0.5834	0.6509	0.0	15305	0.4684	0.581	0.0	15305	0.5212	0.5521	0.0	15305	0.5761	0.7237	0.0	15305	1.0603	1.0758	0.0	15305	1.146	1.1482	0.0	15305	0.4902	1.4142	0.0	15305	1.0912	1.1068	0.0	15305	1.0683	1.1492	0.0	15305	0.3007	0.3142	0.0	15305	0.7235	0.7961	0.0	15305	0.3408	0.3648	0.0	15305	0.3968	0.4095	0.0	15305	0.5378	0.6151	0.0	15305	0.8985	0.6647	0.8524	0.4955	0.7251	0.56	1.4142	0.9712	0.7961	0.4599
SLC35A1	ENSG00000164414	substrate_biosynthesis	substrate_support	no	yes	0.7521	1.4002	0.0	53103	0.4859	1.0828	0.0	53103	0.6578	1.2017	0.0	53103	0.5818	1.031	0.0	53103	0.6601	1.0523	0.0	53103	0.6964	1.2253	0.0	53103	0.6935	1.2136	0.0	53103	0.7194	0.8268	0.0	53103	0.5456	0.6858	0.0	53103	0.4223	0.7113	0.0	53103	0.7571	0.9921	0.0	53103	0.7104	0.9102	0.0	53103	0.6923	0.9666	0.0	53103	0.6028	0.7775	0.0	53103	0.6322	0.932	0.0	53103	0.7709	1.0916	0.0	53103	0.5579	0.692	0.0	53103	0.4951	0.5285	0.0	53103	0.7464	0.8716	0.0	53103	0.5539	0.7495	0.0	53103	0.5004	0.6585	0.0	53103	0.7167	0.896	0.0	53103	0.8727	1.0265	0.0	53103	0.7703	0.9106	0.0	53103	0.6934	0.9253	0.0	53103	0.7332	0.8449	0.0	53103	1.4002	0.6468	0.9921	0.6111	1.0916	0.6817	0.8716	0.5707	1.0265	0.7573
GMDS	ENSG00000112699	substrate_biosynthesis	substrate_support	no	yes	0.9736	1.0123	0.0	12408	1.0387	1.0795	0.0	12408	1.1841	1.3055	0.0	12408	0.9019	0.9787	0.0	12408	1.0691	1.1958	0.0	12408	0.9956	1.0274	0.0	12408	0.9504	1.0113	0.0	12408	0.6967	0.8431	0.0	12408	0.6724	0.8482	0.0	12408	0.6811	0.701	0.0	12408	0.7076	0.9827	0.0	12408	0.6167	0.9984	0.0	12408	0.7676	0.7706	0.0	12408	0.6625	0.6665	0.0	12408	0.6811	0.7129	0.0	12408	0.8643	1.2836	0.0	12408	0.7248	0.7443	0.0	12408	0.5489	0.5514	0.0	12408	0.7243	0.7648	0.0	12408	0.7729	0.8175	0.0	12408	0.7129	0.771	0.0	12408	0.3852	0.6695	0.0	12408	0.5022	0.5186	0.0	12408	0.5605	0.6106	0.0	12408	0.5152	0.5345	0.0	12408	0.544	0.6925	0.0	12408	1.3055	1.0162	0.9827	0.6895	1.2836	0.7184	0.8175	0.6968	0.6925	0.5014
FPGT	ENSG00000254685	substrate_biosynthesis	substrate_support	no	yes	0.6954	0.7856	0.0	40187	0.67	0.948	0.0	40187	0.4346	0.7272	0.0	40187	0.6228	0.9025	0.0	40187	0.5344	1.0396	0.0	40187	0.6296	0.786	0.0	40187	0.4247	0.7377	0.0	40187	0.5516	0.7183	0.0	40187	0.5133	0.566	0.0	40187	0.89	1.1689	0.0	40187	0.4533	0.6716	0.0	40187	1.3034	1.8605	0.0	40187	0.9207	1.2462	0.0	40187	1.0977	1.414	0.0	40187	2.0977	2.726	0.4977	40187	0.7554	1.1697	0.0	40187	0.75	0.9331	0.0	40187	1.1087	1.2715	0.0	40187	0.3581	0.8077	0.0	40187	0.7068	0.9213	0.0	40187	0.7874	0.9111	0.0	40187	0.7155	0.7959	0.0	40187	0.5138	0.6809	0.0	40187	0.7048	0.8214	0.0	40187	0.5866	0.7467	0.0	40187	0.5804	0.7943	0.0	40187	1.0396	0.5731	1.1689	0.602	2.726	1.235	1.2715	0.7422	0.8214	0.6202
FCSK	ENSG00000157353	substrate_biosynthesis	substrate_support	no	yes	0.8018	1.414	0.0	41890	0.5835	1.2576	0.0	41890	0.8731	1.4628	0.0	41890	0.674	0.9807	0.0	41890	0.7456	1.3932	0.0	41890	0.4271	0.87	0.0	41890	0.518	1.0973	0.0	41890	1.0057	1.7214	0.0	41890	1.4151	1.9905	0.0	41890	0.675	1.0599	0.0	41890	0.6793	1.1105	0.0	41890	0.7889	1.3118	0.0	41890	0.8457	1.6499	0.0	41890	1.0427	1.8195	0.0	41890	0.8649	1.4288	0.0	41890	0.881	1.7698	0.0	41890	1.2666	1.4729	0.0	41890	0.9014	1.3882	0.0	41890	0.975	1.2834	0.0	41890	1.1816	1.6636	0.0	41890	1.0089	1.6498	0.0	41890	1.01	1.93	0.0	41890	1.155	1.8291	0.0	41890	1.0508	1.8515	0.0	41890	1.1176	2.0362	0.1669	41890	0.9131	1.6746	0.0	41890	1.4628	0.6604	1.9905	0.9438	1.8195	0.8846	1.6636	1.0667	2.0362	1.0493
SLC35C1	ENSG00000181830	substrate_biosynthesis	substrate_support	no	yes	0.5348	0.539	0.0	14193	0.6613	0.738	0.0	14193	0.3184	0.3513	0.0	14193	0.4679	0.5192	0.0	14193	0.3664	0.4743	0.0	14193	0.3922	0.498	0.0	14193	0.6808	0.6975	0.0	14193	0.9461	1.2696	0.0	14193	0.5663	0.5667	0.0	14193	0.428	0.4798	0.0	14193	0.969	1.0913	0.0	14193	0.54	0.6099	0.0	14193	0.7165	0.7534	0.0	14193	0.4812	0.5118	0.0	14193	0.3783	0.4387	0.0	14193	0.6143	0.6706	0.0	14193	0.7433	0.8344	0.0	14193	0.7233	0.9199	0.0	14193	0.5989	0.6888	0.0	14193	0.833	1.2585	0.0	14193	1.0568	1.5514	0.0	14193	0.7307	0.7574	0.0	14193	0.8286	0.8703	0.0	14193	0.6979	0.7472	0.0	14193	0.7298	0.9365	0.0	14193	0.7484	0.8669	0.0	14193	0.738	0.4888	1.2696	0.7273	0.7534	0.5461	1.5514	0.7911	0.9365	0.7471
DPAGT1	ENSG00000172269	llo_assembly	upstream_core	yes	yes	1.1587	1.2127	0.0	20412	0.7889	0.996	0.0	20412	1.4455	1.5384	0.0	20412	1.4985	1.6277	0.0	20412	1.0512	1.0603	0.0	20412	1.1126	1.1259	0.0	20412	1.338	1.578	0.0	20412	0.443	0.6244	0.0	20412	0.9109	1.2227	0.0	20412	1.0956	1.4666	0.0	20412	0.5171	0.5414	0.0	20412	0.7139	0.7872	0.0	20412	0.7424	0.9017	0.0	20412	0.6305	0.66	0.0	20412	0.8429	0.8572	0.0	20412	0.5471	0.6528	0.0	20412	0.5493	0.6365	0.0	20412	0.4143	0.6868	0.0	20412	0.7134	0.772	0.0	20412	0.6678	0.7814	0.0	20412	0.685	0.764	0.0	20412	0.6047	0.6382	0.0	20412	0.4983	0.6413	0.0	20412	0.5367	0.6274	0.0	20412	0.4952	0.5525	0.0	20412	0.6735	0.7774	0.0	20412	1.6277	1.1991	1.4666	0.7416	0.9017	0.6954	0.7814	0.606	0.7774	0.5617
ALG13	ENSG00000101901	llo_assembly	upstream_core	yes	yes				0				0				0				0				0				0				0				0				0				0				0				0				0				0				0				0				0				0				0				0				0				0				0				0				0				0										
ALG14	ENSG00000172339	llo_assembly	upstream_core	yes	yes	0.842	1.0784	0.0	73555	0.8601	1.0826	0.0	73555	0.9801	1.4044	0.0	73555	0.5587	0.7271	0.0	73555	0.7334	1.1174	0.0	73555	0.8093	1.1225	0.0	73555	0.8403	1.0303	0.0	73555	1.2094	1.672	0.0	73555	0.9495	1.2188	0.0	73555	0.9955	1.4572	0.0	73555	1.1219	1.4198	0.0	73555	1.4146	1.8364	0.0	73555	1.3772	1.717	0.0	73555	1.0824	1.2966	0.0	73555	1.2923	1.6265	0.0	73555	1.1922	1.3781	0.0	73555	0.8173	1.1442	0.0	73555	0.8887	1.1172	0.0	73555	0.7761	1.0884	0.0	73555	1.339	1.6666	0.0	73555	1.1716	1.4475	0.0	73555	0.7807	1.0756	0.0	73555	0.8377	1.1071	0.0	73555	1.1348	1.6015	0.0	73555	1.0653	1.3641	0.0	73555	0.9995	1.2137	0.0	73555	1.4044	0.8034	1.672	1.0691	1.8364	1.2717	1.6666	0.9985	1.6015	0.9636
ALG1	ENSG00000033011	llo_assembly	upstream_core	yes	yes	0.7164	0.839	0.0	45052	0.6707	0.7554	0.0	45052	0.7121	0.8187	0.0	45052	0.5363	0.8477	0.0	45052	0.7052	0.9064	0.0	45052	0.7549	0.9038	0.0	45052	0.7569	0.9049	0.0	45052	0.5048	0.6472	0.0	45052	0.7099	0.9205	0.0	45052	0.5768	0.8267	0.0	45052	0.5556	0.6571	0.0	45052	0.6545	0.7288	0.0	45052	0.5642	0.684	0.0	45052	0.6428	0.8435	0.0	45052	0.5823	0.6565	0.0	45052	0.5567	0.6702	0.0	45052	0.5955	0.7408	0.0	45052	0.6909	0.901	0.0	45052	0.6859	0.9284	0.0	45052	0.6741	0.8433	0.0	45052	0.6344	0.7651	0.0	45052	0.8929	1.1027	0.0	45052	0.9011	1.3638	0.0	45052	1.1244	1.5672	0.0	45052	1.0174	1.2162	0.0	45052	1.1773	1.6762	0.0	45052	0.9064	0.6932	0.9205	0.5868	0.8435	0.6001	0.9284	0.6562	1.6762	1.0226
ALG2	ENSG00000119523	llo_assembly	upstream_core	yes	yes	1.3072	1.8598	0.0	25517	1.7091	2.2791	0.3919	25517	0.9688	1.2558	0.0	25517	1.5555	1.7356	0.0	25517	1.9392	2.0696	0.3919	25517	2.6689	3.1043	0.7847	25517	0.7535	1.2728	0.0	25517	1.6194	2.2085	0.3928	25517	1.0313	1.9489	0.0	25517	0.5167	1.1823	0.0	25517	1.1893	1.8956	0.0	25517	1.0777	1.6095	0.0	25517	1.1585	2.1315	0.0009	25517	1.0211	1.664	0.0	25517	0.0	0.0	0.0	25517	0.0	0.0	0.0	25517	1.4997	2.2479	0.3928	25517	1.6169	2.3845	0.3928	25517	0.8364	1.7117	0.0	25517	1.2656	1.9991	0.0	25517	0.7631	1.9312	0.0	25517	0.8501	2.017	0.0009	25517	1.4525	2.3784	0.3928	25517	1.2894	2.1572	0.0009	25517	0.8086	1.8915	0.0	25517	0.6428	1.4695	0.0	25517	3.1043	1.5575	2.2085	1.0892	2.1315	0.6515	2.3845	1.1963	2.3784	1.0087
ALG11	ENSG00000253710	llo_assembly	upstream_core	yes	yes	0.9225	1.285	0.0	48434	0.8042	0.9676	0.0	48434	0.8981	1.3367	0.0	48434	0.8685	1.0999	0.0	48434	0.8012	1.1218	0.0	48434	0.7203	0.8879	0.0	48434	0.7608	0.8746	0.0	48434	0.7861	1.3165	0.0	48434	0.7941	1.6113	0.0	48434	1.2213	1.5978	0.0	48434	0.8422	1.5286	0.0	48434	1.2581	1.6689	0.0	48434	0.8115	1.1518	0.0	48434	1.1	1.5987	0.0	48434	1.0484	1.3776	0.0	48434	0.9244	1.2449	0.0	48434	0.8982	1.6343	0.0	48434	1.0785	1.9415	0.0	48434	1.1645	1.9296	0.0	48434	0.5331	0.8738	0.0	48434	0.648	1.1231	0.0	48434	0.6856	1.2315	0.0	48434	0.6313	0.6858	0.0	48434	0.6713	1.1688	0.0	48434	0.6738	1.0347	0.0	48434	0.6874	1.0139	0.0	48434	1.3367	0.8251	1.6113	0.9109	1.6689	1.0285	1.9415	0.8645	1.2315	0.6699
RFT1	ENSG00000163933	llo_assembly	upstream_core	yes	yes	0.5151	0.7719	0.0	67274	0.5804	1.0187	0.0	67274	0.6102	1.15	0.0	67274	0.4192	0.7658	0.0	67274	0.439	0.8666	0.0	67274	0.652	0.9497	0.0	67274	0.6271	1.0847	0.0	67274	0.5705	0.7758	0.0	67274	0.5556	0.8285	0.0	67274	0.4586	0.6886	0.0	67274	0.4403	0.831	0.0	67274	0.4779	0.642	0.0	67274	0.6114	0.8665	0.0	67274	0.3345	0.6643	0.0	67274	0.7958	1.1754	0.0	67274	0.566	0.8148	0.0	67274	0.3927	0.6766	0.0	67274	0.3239	0.5193	0.0	67274	0.3828	0.5591	0.0	67274	0.4444	0.6913	0.0	67274	0.3399	0.4391	0.0	67274	0.5598	0.7767	0.0	67274	0.4043	0.6653	0.0	67274	0.5247	0.8379	0.0	67274	0.5231	0.8705	0.0	67274	0.4369	0.7027	0.0	67274	1.15	0.549	0.831	0.5063	1.1754	0.5571	0.6913	0.3767	0.8705	0.4898
ALG3	ENSG00000214160	llo_assembly	upstream_core	yes	yes	0.7743	0.8411	0.0	20000	0.4622	0.4667	0.0	20000	0.5764	0.5982	0.0	20000	0.8833	0.9199	0.0	20000	0.4481	0.6145	0.0	20000	0.6589	0.7294	0.0	20000	1.2152	1.2479	0.0	20000	1.2954	1.3469	0.0	20000	0.9136	1.039	0.0	20000	0.8064	0.8937	0.0	20000	0.7847	0.9381	0.0	20000	0.393	0.4053	0.0	20000	0.4165	0.4866	0.0	20000	0.4354	0.5388	0.0	20000	0.3705	0.6182	0.0	20000	0.2213	0.2439	0.0	20000	0.3875	0.4042	0.0	20000	0.4025	0.4824	0.0	20000	0.9	0.9059	0.0	20000	0.4488	0.4557	0.0	20000	0.9715	1.0496	0.0	20000	1.5161	1.6624	0.0	20000	1.2472	1.3611	0.0	20000	0.9289	1.0942	0.0	20000	0.9943	1.0729	0.0	20000	0.8019	0.8884	0.0	20000	1.2479	0.7169	1.3469	0.95	0.6182	0.3673	1.0496	0.6221	1.6624	1.0977
ALG9	ENSG00000086848	llo_assembly	upstream_core	yes	yes	1.3792	1.705	0.0	43427	1.038	1.3978	0.0	43427	1.0691	1.5096	0.0	43427	0.9709	1.2897	0.0	43427	1.3737	1.8632	0.0	43427	1.0341	1.423	0.0	43427	1.1408	1.5874	0.0	43427	1.05	1.6611	0.0	43427	0.6873	1.4379	0.0	43427	1.4296	1.6954	0.0	43427	1.0031	1.5339	0.0	43427	1.5352	2.0361	0.0789	43427	1.4629	1.6464	0.0	43427	1.7411	2.0826	0.0789	43427	1.9322	2.4451	0.0789	43427	1.658	1.7426	0.0	43427	0.9771	1.2554	0.0	43427	0.8432	1.294	0.0	43427	1.1081	1.2567	0.0	43427	0.8116	1.0951	0.0	43427	1.2297	1.7062	0.0	43427	1.3973	1.8805	0.0	43427	1.3917	1.5624	0.0	43427	1.7605	1.8122	0.0	43427	1.3494	1.8935	0.0	43427	2.0073	2.2393	0.5395	43427	1.8632	1.1437	1.6954	1.0425	2.4451	1.6659	1.7062	0.9939	2.2393	1.5812
ALG12	ENSG00000182858	llo_assembly	upstream_core	yes	yes	1.3478	1.6197	0.0	19646	1.2668	1.6575	0.0	19646	1.6266	2.0373	0.491	19646	1.4913	2.2465	0.491	19646	1.5702	1.8508	0.0	19646	1.6951	2.0403	0.491	19646	2.2296	2.2716	1.0	19646	2.6993	2.7161	1.0	19646	2.4476	2.5124	1.0	19646	2.5224	2.6038	1.0	19646	3.0463	3.0854	1.0	19646	1.3931	1.4609	0.0	19646	1.377	1.427	0.0	19646	1.4745	1.4985	0.0	19646	1.6817	1.7797	0.0	19646	2.2426	2.2831	1.0	19646	2.7826	2.9822	1.0	19646	2.5642	2.8569	1.0	19646	2.4919	2.6377	1.0	19646	2.8727	3.182	1.0	19646	2.6975	3.0449	1.0	19646	2.422	2.5889	1.0	19646	2.6274	2.7985	1.0	19646	1.8021	1.9503	0.0	19646	1.9857	2.1468	0.491	19646	1.8347	1.8393	0.0	19646	2.2716	1.6039	3.0854	2.6789	2.2831	1.6338	3.182	2.6818	2.7985	2.1344
ALG6	ENSG00000088035	llo_assembly	upstream_core	yes	yes	0.7414	1.6804	0.0	59892	0.7648	1.7421	0.0	59892	0.8805	1.7812	0.0	59892	0.6695	1.7855	0.0	59892	0.9482	1.6546	0.0	59892	0.7437	1.4626	0.0	59892	0.6008	1.3257	0.0	59892	0.7032	1.1743	0.0	59892	0.9589	1.5286	0.0	59892	1.0668	1.3253	0.0	59892	0.7992	1.1193	0.0	59892	0.9663	1.3134	0.0	59892	0.9507	1.2366	0.0	59892	1.1058	1.615	0.0	59892	0.823	0.9957	0.0	59892	0.9227	1.252	0.0	59892	1.2708	1.8732	0.0	59892	1.1171	1.4426	0.0	59892	1.2592	1.9126	0.0	59892	0.9903	1.5489	0.0	59892	1.0615	1.3572	0.0	59892	1.0	1.2404	0.0	59892	0.8259	1.0477	0.0	59892	1.0894	1.2668	0.0	59892	1.1557	1.3649	0.0	59892	0.966	1.5406	0.0	59892	1.7855	0.7641	1.5286	0.882	1.615	0.9537	1.9126	1.1398	1.5406	1.0074
ALG8	ENSG00000159063	llo_assembly	upstream_core	yes	yes	0.7913	0.9442	0.0	39312	0.8905	1.2812	0.0	39312	0.8071	1.076	0.0	39312	0.6695	0.8961	0.0	39312	0.941	1.1829	0.0	39312	0.7219	1.1095	0.0	39312	0.8219	1.1183	0.0	39312	0.5055	0.5972	0.0	39312	0.3898	0.4408	0.0	39312	0.5041	0.8784	0.0	39312	0.5339	0.719	0.0	39312	0.5397	0.6145	0.0	39312	0.5214	0.6006	0.0	39312	0.5875	0.7529	0.0	39312	0.4538	0.5525	0.0	39312	0.6238	0.6879	0.0	39312	0.3639	0.4768	0.0	39312	0.4274	0.4799	0.0	39312	0.5292	0.5775	0.0	39312	0.446	0.6176	0.0	39312	0.4869	0.5233	0.0	39312	0.6931	0.8814	0.0	39312	0.3737	0.4327	0.0	39312	0.7734	0.9879	0.0	39312	0.5559	0.7747	0.0	39312	0.6577	0.8191	0.0	39312	1.2812	0.8062	0.8784	0.4833	0.7529	0.5452	0.6176	0.4507	0.9879	0.6108
ALG10	ENSG00000139133	llo_assembly	upstream_core	yes	yes	0.4108	0.4108	0.0	10000	0.4163	0.4163	0.0	10000	0.4334	0.4334	0.0	10000	0.4545	0.4545	0.0	10000	0.4692	0.4692	0.0	10000	0.4098	0.4098	0.0	10000	0.3428	0.3428	0.0	10000	0.647	0.647	0.0	10000	0.4089	0.4089	0.0	10000	0.6309	0.6309	0.0	10000	0.6161	0.6161	0.0	10000	0.6528	0.6528	0.0	10000	0.7669	0.7669	0.0	10000	0.0	0.0	0.0	10000	0.3694	0.3694	0.0	10000	0.9582	0.9582	0.0	10000	0.6571	0.6571	0.0	10000	0.3556	0.3556	0.0	10000	0.4529	0.4529	0.0	10000	0.4887	0.4887	0.0	10000	0.6973	0.6973	0.0	10000	0.497	0.497	0.0	10000	0.4776	0.4776	0.0	10000	0.4484	0.4484	0.0	10000	0.288	0.288	0.0	10000	0.1572	0.1572	0.0	10000	0.4692	0.4195	0.647	0.5757	0.9582	0.5495	0.6973	0.5303	0.497	0.3736
ALG10B	ENSG00000175548	llo_assembly	upstream_core	yes	yes	0.972	1.0196	0.0	11130	0.845	0.8803	0.0	11130	0.6953	0.702	0.0	11130	0.5732	0.6396	0.0	11130	0.5554	0.5679	0.0	11130	0.4987	0.5017	0.0	11130	0.4524	0.5557	0.0	11130	0.6389	0.6995	0.0	11130	0.3935	0.7548	0.0	11130	0.7156	0.7228	0.0	11130	0.8567	0.9603	0.0	11130	0.7319	0.7427	0.0	11130	0.5649	0.6828	0.0	11130	0.5828	0.6057	0.0	11130	0.6267	0.6548	0.0	11130	0.7082	0.791	0.0	11130	0.348	0.363	0.0	11130	0.4838	0.5176	0.0	11130	0.772	0.7806	0.0	11130	0.3012	0.3813	0.0	11130	0.5376	0.6711	0.0	11130	0.5326	0.6103	0.0	11130	0.5694	0.752	0.0	11130	0.746	0.8023	0.0	11130	0.7185	0.723	0.0	11130	0.6327	0.7848	0.0	11130	1.0196	0.656	0.9603	0.6512	0.791	0.6429	0.7806	0.4885	0.8023	0.6398
ALG5	ENSG00000120697	llo_assembly	upstream_core	yes	yes	1.3696	1.9617	0.0	56242	1.4432	1.6899	0.0	56242	1.0614	1.481	0.0	56242	1.1155	1.618	0.0	56242	1.0324	1.1483	0.0	56242	1.465	1.8045	0.0	56242	1.3333	1.7636	0.0	56242	0.7718	1.1433	0.0	56242	0.3921	0.8373	0.0	56242	0.7398	1.5519	0.0	56242	0.6165	0.841	0.0	56242	0.5844	0.8364	0.0	56242	0.5824	0.9246	0.0	56242	0.4637	0.5904	0.0	56242	0.6896	1.0461	0.0	56242	0.5973	0.788	0.0	56242	1.0273	1.3884	0.0	56242	0.6501	0.9039	0.0	56242	0.6653	1.0132	0.0	56242	0.9916	1.367	0.0	56242	0.7092	1.0869	0.0	56242	0.2713	0.4255	0.0	56242	0.7126	0.8859	0.0	56242	0.7829	0.9163	0.0	56242	0.5513	0.6368	0.0	56242	0.2989	0.4605	0.0	56242	1.9617	1.2601	1.5519	0.63	1.0461	0.5835	1.3884	0.8087	0.9163	0.5234
STT3A	ENSG00000134910	ost_transfer	upstream_core	yes	yes	1.1073	1.1073	0.0	692	0.8295	0.8295	0.0	692	0.9548	0.9548	0.0	692	0.7474	0.7474	0.0	692	0.7469	0.7469	0.0	692	0.8954	0.8954	0.0	692	0.9048	0.9048	0.0	692	0.6862	0.6862	0.0	692	0.8637	0.8637	0.0	692	0.7301	0.7301	0.0	692	0.8334	0.8334	0.0	692	0.6718	0.6718	0.0	692	0.5297	0.5297	0.0	692	0.9524	0.9524	0.0	692	0.5187	0.5187	0.0	692	0.4263	0.4263	0.0	692	1.0118	1.0118	0.0	692	0.9314	0.9314	0.0	692	0.6254	0.6254	0.0	692	0.607	0.607	0.0	692	0.6496	0.6496	0.0	692	0.8454	0.8454	0.0	692	0.8951	0.8951	0.0	692	0.8227	0.8227	0.0	692	0.7605	0.7605	0.0	692	0.902	0.902	0.0	692	1.1073	0.8837	0.8637	0.7784	0.9524	0.6198	1.0118	0.765	0.902	0.8451
STT3B	ENSG00000163527	ost_transfer	upstream_core	yes	yes	2.0831	2.6097	0.7164	83748	2.0192	2.5254	0.597	83748	1.8164	2.0999	0.2388	83748	1.6399	1.8487	0.0	83748	1.9122	2.3967	0.2388	83748	1.8652	2.2941	0.597	83748	1.5661	1.9909	0.0	83748	0.6595	0.8881	0.0	83748	0.6794	1.1317	0.0	83748	0.7673	1.0729	0.0	83748	0.7077	0.8767	0.0	83748	0.8045	1.1906	0.0	83748	0.7435	1.3234	0.0	83748	1.1639	1.4963	0.0	83748	0.7093	1.0349	0.0	83748	0.6723	0.7806	0.0	83748	0.5873	0.9464	0.0	83748	0.7571	1.0074	0.0	83748	0.7551	1.2286	0.0	83748	0.6452	1.05	0.0	83748	0.5229	0.9117	0.0	83748	0.4674	0.7077	0.0	83748	0.4697	0.608	0.0	83748	0.484	0.8323	0.0	83748	0.3903	0.7375	0.0	83748	0.5061	0.6217	0.0	83748	2.6097	1.8432	1.1317	0.7035	1.4963	0.8187	1.2286	0.6535	0.8323	0.4635
DDOST	ENSG00000244038	ost_transfer	upstream_core	yes	yes	0.6765	0.8837	0.0	15524	0.8032	1.2369	0.0	15524	0.8013	1.0322	0.0	15524	0.9717	1.3565	0.0	15524	0.7292	0.9216	0.0	15524	0.5799	0.6038	0.0	15524	0.6068	0.728	0.0	15524	0.6767	0.8614	0.0	15524	0.859	0.9407	0.0	15524	0.6363	0.7993	0.0	15524	0.8314	1.0166	0.0	15524	1.1174	1.4216	0.0	15524	1.2661	1.3707	0.0	15524	0.9235	1.0014	0.0	15524	0.8165	1.0209	0.0	15524	0.9822	1.064	0.0	15524	0.8114	0.8935	0.0	15524	0.8332	0.9296	0.0	15524	0.9324	1.0494	0.0	15524	0.9336	1.215	0.0	15524	0.7846	1.0744	0.0	15524	0.6658	0.8928	0.0	15524	0.8907	1.2878	0.0	15524	0.8861	1.0237	0.0	15524	0.7847	0.9659	0.0	15524	1.0348	1.1296	0.0	15524	1.3565	0.7384	1.0166	0.7508	1.4216	1.0211	1.215	0.859	1.2878	0.8524
DAD1	ENSG00000129562	ost_transfer	upstream_core	yes	yes	0.727	0.727	0.0	58	0.6958	0.6958	0.0	58	0.4878	0.4878	0.0	58	0.784	0.784	0.0	58	0.705	0.705	0.0	58	0.5699	0.5699	0.0	58	0.7426	0.7426	0.0	58	0.8505	0.8505	0.0	58	1.6193	1.6193	0.0	58	0.9801	0.9801	0.0	58	0.6796	0.6796	0.0	58	1.7651	1.7651	0.0	58	0.8604	0.8604	0.0	58	1.2552	1.2552	0.0	58	1.5275	1.5275	0.0	58	1.0974	1.0974	0.0	58	0.8694	0.8694	0.0	58	0.7312	0.7312	0.0	58	0.7131	0.7131	0.0	58	0.6514	0.6514	0.0	58	0.7688	0.7688	0.0	58	0.7047	0.7047	0.0	58	0.8143	0.8143	0.0	58	0.7024	0.7024	0.0	58	0.8329	0.8329	0.0	58	0.6692	0.6692	0.0	58	0.784	0.6732	1.6193	1.0324	1.7651	1.3011	0.8694	0.7468	0.8329	0.7447
RPN1	ENSG00000163902	ost_transfer	upstream_core	yes	yes	0.8247	1.2614	0.0	45112	1.0149	1.7324	0.0	45112	0.9146	1.712	0.0	45112	0.6487	0.8789	0.0	45112	0.9264	1.757	0.0	45112	1.0263	1.4372	0.0	45112	0.8747	1.3785	0.0	45112	0.643	0.773	0.0	45112	0.8755	1.5697	0.0	45112	0.743	0.9298	0.0	45112	0.629	0.8913	0.0	45112	0.6572	0.8188	0.0	45112	0.7828	0.9261	0.0	45112	0.7428	0.9246	0.0	45112	0.6318	0.6909	0.0	45112	0.8525	1.1084	0.0	45112	0.926	1.357	0.0	45112	0.6348	1.0783	0.0	45112	0.6283	0.6714	0.0	45112	0.9914	1.4997	0.0	45112	0.9805	1.999	0.0	45112	0.6022	0.7609	0.0	45112	0.6382	0.7655	0.0	45112	0.7375	0.8886	0.0	45112	1.0789	1.3396	0.0	45112	0.7313	0.8506	0.0	45112	1.757	0.89	1.5697	0.7226	1.1084	0.7334	1.999	0.8322	1.3396	0.7576
RPN2	ENSG00000291973	ost_transfer	upstream_core	yes	yes	0.6696	0.9453	0.0	59984	0.4483	0.5301	0.0	59984	0.7759	1.084	0.0	59984	0.941	1.4346	0.0	59984	0.5216	0.6897	0.0	59984	0.4674	0.6608	0.0	59984	0.5404	1.0863	0.0	59984	0.8165	1.1116	0.0	59984	0.7446	1.0472	0.0	59984	0.6395	0.8997	0.0	59984	0.7802	1.2089	0.0	59984	0.3629	0.5965	0.0	59984	0.3841	0.5595	0.0	59984	0.61	0.9719	0.0	59984	0.7603	1.3519	0.0	59984	0.3717	0.4876	0.0	59984	1.0922	1.4638	0.0	59984	1.2397	1.6734	0.0	59984	1.2886	1.7822	0.0	59984	1.0555	1.6411	0.0	59984	1.0223	1.6495	0.0	59984	0.7034	0.8742	0.0	59984	1.5377	2.0642	0.1667	59984	1.0473	1.2645	0.0	59984	0.8373	0.9931	0.0	59984	0.9588	1.1513	0.0	59984	1.4346	0.6235	1.2089	0.7452	1.3519	0.4978	1.7822	1.1397	2.0642	1.0169
OST4	ENSG00000228474	ost_transfer	upstream_core	yes	yes	0.7438	0.7438	0.0	1433	0.8889	0.8889	0.0	1433	0.627	0.627	0.0	1433	0.5031	0.5031	0.0	1433	0.4632	0.4632	0.0	1433	0.8003	0.8003	0.0	1433	0.8393	0.8393	0.0	1433	0.4757	0.4757	0.0	1433	0.3822	0.3822	0.0	1433	0.7131	0.7131	0.0	1433	1.0308	1.0308	0.0	1433	0.9428	0.9428	0.0	1433	1.7557	1.7557	0.0	1433	1.1104	1.1104	0.0	1433	0.6742	0.6742	0.0	1433	0.7736	0.7736	0.0	1433	0.7078	0.7078	0.0	1433	0.736	0.736	0.0	1433	0.8442	0.8442	0.0	1433	0.8354	0.8354	0.0	1433	0.6715	0.6715	0.0	1433	1.6082	1.6082	0.0	1433	1.9258	1.9258	0.0	1433	1.8433	1.8433	0.0	1433	2.1113	2.1113	1.0	1433	1.7573	1.7573	0.0	1433	0.8889	0.6951	1.0308	0.6504	1.7557	1.0513	0.8442	0.759	2.1113	1.8492
OSTC	ENSG00000198856	ost_transfer	upstream_core	yes	yes	1.2775	2.011	0.3657	27345	1.2279	1.6795	0.0	27345	1.7286	2.2408	0.3657	27345	1.4514	1.6055	0.0	27345	0.9604	1.7873	0.0	27345	1.3545	2.2452	0.3657	27345	1.6583	2.0226	0.3657	27345	0.8553	1.0478	0.0	27345	0.5817	0.8712	0.0	27345	0.6926	1.2593	0.0	27345	1.1996	1.4643	0.0	27345	0.8551	1.1136	0.0	27345	0.684	1.0466	0.0	27345	0.4831	0.6024	0.0	27345	0.4866	0.6208	0.0	27345	0.7738	0.9452	0.0	27345	0.8588	1.2524	0.0	27345	1.5425	1.8037	0.0	27345	1.0795	1.1858	0.0	27345	0.9137	1.2284	0.0	27345	0.813	1.2213	0.0	27345	1.2394	1.4299	0.0	27345	0.6502	0.8981	0.0	27345	1.112	1.8031	0.0	27345	0.5692	1.0714	0.0	27345	0.8848	1.8762	0.0	27345	2.2452	1.3798	1.4643	0.8323	1.1136	0.6565	1.8037	1.0415	1.8762	0.8911
TMEM258	ENSG00000134825	ost_transfer	upstream_core	yes	yes	1.1923	1.2731	0.0	25250	0.8509	0.9623	0.0	25250	0.6641	0.9489	0.0	25250	0.9577	1.0034	0.0	25250	0.8265	1.001	0.0	25250	1.2438	1.6165	0.0	25250	0.8151	0.9503	0.0	25250	0.6414	0.7516	0.0	25250	0.4027	0.48	0.0	25250	0.6903	0.7429	0.0	25250	0.8008	1.0023	0.0	25250	1.8826	1.9332	0.0	25250	1.0182	1.0602	0.0	25250	0.9885	1.0681	0.0	25250	1.773	1.8735	0.0	25250	0.3694	0.4416	0.0	25250	0.6757	0.8905	0.0	25250	0.7532	0.7672	0.0	25250	0.7916	0.9042	0.0	25250	1.0133	1.1632	0.0	25250	0.9853	1.0552	0.0	25250	1.0766	1.2635	0.0	25250	1.7895	2.0669	0.2079	25250	1.2887	1.4427	0.0	25250	0.9518	1.152	0.0	25250	1.5303	1.7535	0.0	25250	1.6165	0.9358	1.0023	0.6338	1.9332	1.2063	1.1632	0.8438	2.0669	1.3274
MAGT1	ENSG00000102158	ost_transfer	upstream_core	yes	yes				0				0				0				0				0				0				0				0				0				0				0				0				0				0				0				0				0				0				0				0				0				0				0				0				0				0										
TUSC3	ENSG00000104723	ost_transfer	upstream_core	yes	yes	0.6255	1.0927	0.0	207526	0.6374	1.1478	0.0	207526	0.6642	1.1979	0.0	207526	0.6418	0.9874	0.0	207526	0.6621	1.088	0.0	207526	0.6546	1.0781	0.0	207526	0.7404	1.1702	0.0	207526	0.7141	1.1921	0.0	207526	0.779	1.2905	0.0	207526	0.6653	0.8657	0.0	207526	0.6856	0.9741	0.0	207526	0.878	1.4349	0.0	207526	0.9383	1.2292	0.0	207526	0.9195	1.2938	0.0	207526	0.8873	1.3616	0.0	207526	0.9056	1.2864	0.0	207526	0.8488	1.3333	0.0	207526	0.7976	1.2357	0.0	207526	0.6942	1.1286	0.0	207526	0.7656	1.1584	0.0	207526	0.782	1.166	0.0	207526	0.7295	0.9916	0.0	207526	0.6865	0.9462	0.0	207526	0.7452	1.5105	0.0	207526	0.7847	1.6362	0.0	207526	0.7984	1.3549	0.0	207526	1.1979	0.6609	1.2905	0.711	1.4349	0.9057	1.3333	0.7776	1.6362	0.7489
MOGS	ENSG00000115275	er_quality_control	checkpoint_layer	yes	yes	0.4433	0.4433	0.0	4517	0.5726	0.5726	0.0	4517	1.4121	1.4121	0.0	4517	0.6975	0.6975	0.0	4517	0.9963	0.9963	0.0	4517	1.1577	1.1577	0.0	4517	0.9926	0.9926	0.0	4517	1.2178	1.2178	0.0	4517	1.0569	1.0569	0.0	4517	1.5722	1.5722	0.0	4517	1.1706	1.1706	0.0	4517	0.7403	0.7403	0.0	4517	1.0246	1.0246	0.0	4517	0.831	0.831	0.0	4517	1.4226	1.4226	0.0	4517	0.6091	0.6091	0.0	4517	0.8557	0.8557	0.0	4517	1.4371	1.4371	0.0	4517	0.6648	0.6648	0.0	4517	0.8076	0.8076	0.0	4517	1.3353	1.3353	0.0	4517	0.8335	0.8335	0.0	4517	0.655	0.655	0.0	4517	0.5796	0.5796	0.0	4517	1.3083	1.3083	0.0	4517	0.6926	0.6926	0.0	4517	1.4121	0.896	1.5722	1.2544	1.4226	0.9255	1.4371	1.0201	1.3083	0.8138
GANAB	ENSG00000089597	er_quality_control	checkpoint_layer	yes	yes	1.0038	1.2108	0.0	20000	0.7581	0.9386	0.0	20000	0.8531	0.9838	0.0	20000	0.6119	0.6602	0.0	20000	0.5432	0.5773	0.0	20000	0.8121	1.0855	0.0	20000	0.7196	0.9856	0.0	20000	0.6442	0.6806	0.0	20000	0.0	0.0	0.0	20000	0.8802	1.1248	0.0	20000	0.5395	0.5462	0.0	20000	0.3879	0.5973	0.0	20000	0.0	0.0	0.0	20000	0.4504	0.7105	0.0	20000	0.0	0.0	0.0	20000	0.0	0.0	0.0	20000	0.0	0.0	0.0	20000	0.5522	0.8457	0.0	20000	0.2579	0.3295	0.0	20000	0.3766	0.6074	0.0	20000	0.8202	1.2326	0.0	20000	0.0	0.0	0.0	20000	0.0	0.0	0.0	20000	0.0	0.0	0.0	20000	0.0	0.0	0.0	20000	0.0	0.0	0.0	20000	1.2108	0.7574	1.1248	0.516	0.7105	0.1677	1.2326	0.4014	0.0	0.0
PRKCSH	ENSG00000130175	er_quality_control	checkpoint_layer	yes	yes				0				0				0				0				0				0				0				0				0				0				0				0				0				0				0				0				0				0				0				0				0				0				0				0				0				0										
UGGT1	ENSG00000136731	er_quality_control	checkpoint_layer	yes	yes	0.8787	1.1049	0.0	63995	0.7702	0.998	0.0	63995	0.7482	1.2687	0.0	63995	0.7938	1.0453	0.0	63995	0.7886	1.236	0.0	63995	0.7837	1.2498	0.0	63995	0.8019	1.2874	0.0	63995	0.9217	1.2378	0.0	63995	1.1105	1.8806	0.0	63995	1.1891	1.7543	0.0	63995	0.646	0.7489	0.0	63995	1.0525	1.7235	0.0	63995	1.5864	2.3773	0.5312	63995	1.2869	2.4957	0.0624	63995	0.9408	1.2992	0.0	63995	1.7964	2.6905	0.5312	63995	0.7402	1.1606	0.0	63995	0.8238	1.5051	0.0	63995	0.9212	1.2027	0.0	63995	0.6838	0.8284	0.0	63995	0.7617	1.1343	0.0	63995	0.8016	0.9553	0.0	63995	0.6732	0.8594	0.0	63995	0.8183	0.9884	0.0	63995	0.7313	0.8593	0.0	63995	0.5818	0.7195	0.0	63995	1.2874	0.795	1.8806	0.9668	2.6905	1.3326	1.5051	0.7861	0.9884	0.7212
UGGT2	ENSG00000102595	er_quality_control	checkpoint_layer	yes	yes	0.8058	1.1132	0.0	180177	0.8812	1.4978	0.0	180177	0.9926	1.7074	0.0	180177	0.7402	1.1821	0.0	180177	1.054	2.0266	0.0555	180177	0.7631	1.2665	0.0	180177	1.116	1.6057	0.0	180177	0.7254	0.9962	0.0	180177	1.1153	1.7612	0.0	180177	1.0352	1.6611	0.0	180177	0.8371	1.3022	0.0	180177	0.8645	1.4172	0.0	180177	0.9537	1.2239	0.0	180177	0.9612	1.3133	0.0	180177	1.0132	1.5731	0.0	180177	0.8222	1.0428	0.0	180177	0.9919	1.7529	0.0	180177	1.2193	1.9592	0.0	180177	1.113	1.9251	0.0	180177	0.7629	1.1415	0.0	180177	1.0961	1.8093	0.0	180177	0.8095	1.3411	0.0	180177	0.7433	1.3039	0.0	180177	0.7389	1.1194	0.0	180177	0.6588	0.9271	0.0	180177	0.7552	1.1246	0.0	180177	2.0266	0.9076	1.7612	0.9282	1.5731	0.923	1.9592	1.0366	1.3411	0.7411
CANX	ENSG00000283777	er_quality_control	checkpoint_layer	yes	yes	0.8596	1.1216	0.0	39885	1.0278	1.39	0.0	39885	0.8304	1.3331	0.0	39885	0.7468	1.2706	0.0	39885	0.9739	1.2959	0.0	39885	1.1419	1.4399	0.0	39885	0.9197	1.3114	0.0	39885	0.7569	1.0484	0.0	39885	0.7444	0.8897	0.0	39885	0.5626	0.6637	0.0	39885	0.8513	1.2399	0.0	39885	1.3342	2.1008	0.2507	39885	0.8739	1.1146	0.0	39885	0.7502	1.0868	0.0	39885	1.0616	1.3981	0.0	39885	0.8897	1.1773	0.0	39885	0.5383	0.855	0.0	39885	0.5722	0.8796	0.0	39885	0.8128	1.0254	0.0	39885	0.6344	0.9442	0.0	39885	0.5628	0.878	0.0	39885	0.7634	1.0919	0.0	39885	0.8323	1.1277	0.0	39885	0.948	1.3557	0.0	39885	0.9316	1.1088	0.0	39885	0.8701	1.1369	0.0	39885	1.4399	0.9286	1.2399	0.7288	2.1008	0.9819	1.0254	0.6241	1.3557	0.8691
CALR	ENSG00000179218	er_quality_control	checkpoint_layer	yes	yes	0.8245	0.9248	0.0	19783	0.5921	0.7124	0.0	19783	0.7151	0.8769	0.0	19783	0.6458	0.7693	0.0	19783	0.7291	0.9205	0.0	19783	0.5663	0.6166	0.0	19783	0.6541	0.8316	0.0	19783	0.9435	1.1923	0.0	19783	1.1185	1.6898	0.0	19783	1.191	1.2973	0.0	19783	0.9286	1.0854	0.0	19783	0.8404	1.2863	0.0	19783	0.5838	0.8662	0.0	19783	0.442	0.6962	0.0	19783	0.6545	0.9869	0.0	19783	0.0286	0.0685	0.0	19783	1.3105	2.1188	0.0767	19783	1.218	1.8954	0.0	19783	0.9795	1.2084	0.0	19783	1.1023	1.5478	0.0	19783	1.3126	1.5677	0.0	19783	0.3567	0.9929	0.0	19783	0.1341	0.8733	0.0	19783	0.2132	0.4824	0.0	19783	0.4064	0.7006	0.0	19783	0.3622	0.5106	0.0	19783	0.9248	0.6753	1.6898	1.0454	1.2863	0.5099	2.1188	1.1846	0.9929	0.2945
PDIA3	ENSG00000167004	er_quality_control	checkpoint_layer	yes	yes	1.5477	1.916	0.0	26202	1.2813	1.3808	0.0	26202	1.7495	1.8648	0.0	26202	1.1548	1.294	0.0	26202	1.3399	1.3651	0.0	26202	1.4557	1.6648	0.0	26202	1.1712	1.4937	0.0	26202	1.3827	1.4885	0.0	26202	0.4535	0.4871	0.0	26202	2.0299	4.7266	0.3817	26202	1.2304	1.4663	0.0	26202	1.6707	1.8431	0.0	26202	0.7958	1.2669	0.0	26202	0.6371	0.7721	0.0	26202	0.8142	1.1364	0.0	26202	1.0756	1.2119	0.0	26202	1.1497	1.5295	0.0	26202	1.5703	1.6225	0.0	26202	0.0	0.0	0.0	26202	0.5043	0.6306	0.0	26202	0.8146	0.9487	0.0	26202	1.4993	1.8346	0.0	26202	0.7806	0.9007	0.0	26202	1.1551	1.2312	0.0	26202	0.8457	1.0631	0.0	26202	0.7016	0.8359	0.0	26202	1.916	1.3857	4.7266	1.2741	1.8431	0.9987	1.6225	0.8078	1.8346	0.9965
MAN1B1	ENSG00000177239	er_quality_control	checkpoint_layer	yes	yes	1.5081	1.6738	0.0	20000	0.7758	0.8964	0.0	20000	0.988	1.1083	0.0	20000	0.8184	0.8854	0.0	20000	0.7678	0.851	0.0	20000	1.5013	1.5355	0.0	20000	1.0014	1.0223	0.0	20000	0.5753	0.5924	0.0	20000	0.6727	0.699	0.0	20000	0.974	1.0026	0.0	20000	0.6835	0.9572	0.0	20000	0.6284	0.9115	0.0	20000	0.3683	0.516	0.0	20000	0.5749	0.6884	0.0	20000	0.4335	0.609	0.0	20000	0.6946	0.9803	0.0	20000	0.8252	0.8703	0.0	20000	0.8147	0.8392	0.0	20000	0.6763	0.8374	0.0	20000	0.779	0.9701	0.0	20000	0.7229	0.7939	0.0	20000	0.7179	0.8911	0.0	20000	0.6134	0.7973	0.0	20000	0.6867	0.8869	0.0	20000	0.5984	0.9031	0.0	20000	0.6629	0.7558	0.0	20000	1.6738	1.0515	1.0026	0.7264	0.9803	0.5399	0.9701	0.7636	0.9031	0.6559
EDEM1	ENSG00000134109	er_quality_control	checkpoint_layer	yes	yes	0.5947	0.8178	0.0	37181	0.5118	0.5654	0.0	37181	0.7185	0.7816	0.0	37181	0.6371	0.7177	0.0	37181	0.6645	0.7664	0.0	37181	0.9335	1.1344	0.0	37181	0.8597	0.9385	0.0	37181	0.8055	1.0849	0.0	37181	0.768	1.044	0.0	37181	0.7546	1.0711	0.0	37181	0.7457	1.0337	0.0	37181	0.4729	0.5393	0.0	37181	0.5644	0.7205	0.0	37181	0.5124	0.6549	0.0	37181	0.5362	0.7335	0.0	37181	0.4752	0.5926	0.0	37181	0.5866	0.7539	0.0	37181	0.776	1.1122	0.0	37181	0.8741	1.1655	0.0	37181	0.7674	1.0948	0.0	37181	0.6061	0.7473	0.0	37181	0.5038	0.539	0.0	37181	0.6587	0.7459	0.0	37181	0.4336	0.6695	0.0	37181	0.8451	1.1195	0.0	37181	0.8491	1.1913	0.0	37181	1.1344	0.7028	1.0849	0.7685	0.7335	0.5122	1.1655	0.722	1.1913	0.6581
EDEM2	ENSG00000088298	er_quality_control	checkpoint_layer	yes	yes	0.5402	0.883	0.0	34357	0.7305	1.1324	0.0	34357	0.4212	0.4961	0.0	34357	0.5259	0.8237	0.0	34357	0.8057	1.0871	0.0	34357	0.5444	0.7744	0.0	34357	0.4323	0.5972	0.0	34357	0.6566	0.7629	0.0	34357	0.7581	1.0337	0.0	34357	0.8806	1.0677	0.0	34357	0.4262	0.6705	0.0	34357	0.7678	1.2672	0.0	34357	0.4399	0.5066	0.0	34357	0.6106	0.723	0.0	34357	0.4453	0.9774	0.0	34357	0.6667	0.9419	0.0	34357	0.4446	0.656	0.0	34357	0.3559	0.5502	0.0	34357	0.3978	0.6472	0.0	34357	0.3316	0.5494	0.0	34357	0.5751	0.654	0.0	34357	0.4615	0.6212	0.0	34357	0.5306	0.8823	0.0	34357	0.5477	0.7583	0.0	34357	0.5031	0.6282	0.0	34357	0.5075	0.7225	0.0	34357	1.1324	0.5715	1.0677	0.6804	1.2672	0.5861	0.656	0.421	0.8823	0.5101
EDEM3	ENSG00000116406	er_quality_control	checkpoint_layer	yes	yes	0.4938	0.7489	0.0	64486	0.4169	0.4688	0.0	64486	0.4282	0.5758	0.0	64486	0.5594	0.7213	0.0	64486	0.5869	0.7991	0.0	64486	0.5271	0.7473	0.0	64486	0.6084	0.8857	0.0	64486	0.3447	0.4186	0.0	64486	0.3601	0.5095	0.0	64486	0.6043	0.8826	0.0	64486	0.5165	0.636	0.0	64486	1.1806	1.3767	0.0	64486	0.7569	1.5212	0.0	64486	0.9115	1.588	0.0	64486	0.3563	0.4862	0.0	64486	0.7617	1.3516	0.0	64486	0.621	0.715	0.0	64486	0.6477	0.8428	0.0	64486	0.8406	1.0683	0.0	64486	0.5163	0.7549	0.0	64486	0.5192	0.5711	0.0	64486	0.5853	0.9219	0.0	64486	0.5687	0.8881	0.0	64486	0.4346	0.6494	0.0	64486	0.3682	0.5812	0.0	64486	0.3333	0.6932	0.0	64486	0.8857	0.5172	0.8826	0.4564	1.588	0.7934	1.0683	0.629	0.9219	0.458
MLEC	ENSG00000110917	er_quality_control	checkpoint_layer	yes	yes	0.5664	0.5922	0.0	13407	0.516	0.5918	0.0	13407	0.7259	0.8152	0.0	13407	0.6957	0.7334	0.0	13407	0.4805	0.526	0.0	13407	0.7935	0.8981	0.0	13407	0.75	0.7902	0.0	13407	0.5273	0.5505	0.0	13407	0.6573	0.711	0.0	13407	0.7902	0.8088	0.0	13407	0.515	0.5798	0.0	13407	0.7698	0.8093	0.0	13407	0.577	0.5869	0.0	13407	0.6838	0.6895	0.0	13407	0.5477	0.7017	0.0	13407	0.7596	0.7808	0.0	13407	0.8453	0.8573	0.0	13407	0.982	1.0961	0.0	13407	0.8425	0.8665	0.0	13407	0.4715	0.5328	0.0	13407	0.4024	0.5767	0.0	13407	0.7364	0.8627	0.0	13407	0.9168	1.0609	0.0	13407	0.8979	0.9036	0.0	13407	1.0486	1.1209	0.0	13407	0.8572	1.1482	0.0	13407	0.8981	0.6469	0.8088	0.6225	0.8093	0.6676	1.0961	0.7087	1.1482	0.8914
NGLY1	ENSG00000151092	er_quality_control	checkpoint_layer	no	yes	0.9766	1.3007	0.0	66187	1.1599	1.5943	0.0	66187	0.8926	1.2794	0.0	66187	1.1898	1.67	0.0	66187	0.8201	1.1179	0.0	66187	1.0798	1.3797	0.0	66187	1.0329	1.444	0.0	66187	1.1455	1.8533	0.0	66187	0.6588	1.0293	0.0	66187	0.5234	0.8759	0.0	66187	1.1759	1.5778	0.0	66187	0.0	0.0	0.0	66187	0.0	0.0	0.0	66187	0.0	0.0	0.0	66187	0.2853	0.4313	0.0	66187	0.0	0.0	0.0	66187	0.9336	1.7063	0.0	66187	0.8509	1.4247	0.0	66187	1.1658	1.425	0.0	66187	1.2515	1.4625	0.0	66187	1.0184	1.6677	0.0	66187	0.8664	1.1426	0.0	66187	1.3509	1.648	0.0	66187	0.8527	1.2363	0.0	66187	1.1978	1.4166	0.0	66187	0.8753	1.2606	0.0	66187	1.67	1.0217	1.8533	0.8759	0.4313	0.0571	1.7063	1.044	1.648	1.0286
ENGASE	ENSG00000167280	er_quality_control	checkpoint_layer	no	yes	0.8891	0.8891	0.0	7354	0.8899	0.8899	0.0	7354	0.9312	0.9312	0.0	7354	1.8287	1.8287	0.0	7354	1.2225	1.2225	0.0	7354	0.7311	0.7311	0.0	7354	0.7992	0.7992	0.0	7354	0.8473	0.8473	0.0	7354	1.3077	1.3077	0.0	7354	1.2165	1.2165	0.0	7354	0.9931	0.9931	0.0	7354	0.7906	0.7906	0.0	7354	0.5653	0.5653	0.0	7354	1.1548	1.1548	0.0	7354	0.7865	0.7865	0.0	7354	0.8478	0.8478	0.0	7354	0.7419	0.7419	0.0	7354	0.3581	0.3581	0.0	7354	0.6843	0.6843	0.0	7354	0.4828	0.4828	0.0	7354	0.6551	0.6551	0.0	7354	1.1435	1.1435	0.0	7354	0.983	0.983	0.0	7354	0.6333	0.6333	0.0	7354	0.9957	0.9957	0.0	7354	0.5051	0.5051	0.0	7354	1.8287	1.0417	1.3077	1.0912	1.1548	0.829	0.7419	0.5844	1.1435	0.8521
OS9	ENSG00000135506	er_quality_control	checkpoint_layer	no	yes	0.693	1.2277	0.0	39175	0.8808	1.4204	0.0	39175	0.8158	1.5477	0.0	39175	0.6713	0.9462	0.0	39175	0.7147	1.2948	0.0	39175	0.6739	1.3162	0.0	39175	0.6346	1.0691	0.0	39175	0.4159	0.5138	0.0	39175	0.5947	0.7983	0.0	39175	0.5501	0.6919	0.0	39175	0.3897	0.5051	0.0	39175	1.1997	1.7647	0.0	39175	0.9231	1.0764	0.0	39175	1.2392	1.7659	0.0	39175	1.5921	2.1028	0.2342	39175	0.7843	1.1355	0.0	39175	0.5773	0.9664	0.0	39175	0.594	0.8679	0.0	39175	0.7396	1.2368	0.0	39175	0.5732	0.7585	0.0	39175	0.6233	1.0757	0.0	39175	0.5096	0.6154	0.0	39175	0.715	0.9301	0.0	39175	0.4668	0.6052	0.0	39175	0.5336	0.613	0.0	39175	0.7506	0.8975	0.0	39175	1.5477	0.7263	0.7983	0.4876	2.1028	1.1477	1.2368	0.6215	0.9301	0.5951
SEL1L	ENSG00000071537	er_quality_control	checkpoint_layer	no	yes	1.04	1.5347	0.0	70000	1.0482	1.6664	0.0	70000	0.8801	1.3483	0.0	70000	0.9596	1.5609	0.0	70000	1.2755	2.031	0.1429	70000	1.1021	1.7745	0.0	70000	1.0211	1.7235	0.0	70000	0.6457	1.1411	0.0	70000	0.6861	0.8633	0.0	70000	0.8754	1.2487	0.0	70000	0.7299	0.9237	0.0	70000	0.8288	1.0278	0.0	70000	0.8218	1.0888	0.0	70000	0.9121	1.1991	0.0	70000	0.7722	1.0457	0.0	70000	0.7661	1.122	0.0	70000	0.63	1.0739	0.0	70000	0.6045	0.9139	0.0	70000	0.6429	0.96	0.0	70000	0.7024	1.0278	0.0	70000	0.6177	0.88	0.0	70000	0.9897	1.4869	0.0	70000	1.0326	1.4444	0.0	70000	1.0714	1.4474	0.0	70000	0.8428	1.1579	0.0	70000	0.8331	1.0257	0.0	70000	2.031	1.0467	1.2487	0.7343	1.1991	0.8202	1.0739	0.6395	1.4869	0.9539
MAN1A1	ENSG00000111885	golgi_core_processing	downstream_diversification	yes	yes	0.3548	0.6755	0.0	164226	0.3736	0.8673	0.0	164226	0.3661	0.5351	0.0	164226	0.4569	0.7079	0.0	164226	0.4878	0.6766	0.0	164226	0.3458	0.6659	0.0	164226	0.4731	0.6891	0.0	164226	0.5152	0.7582	0.0	164226	0.6092	0.9981	0.0	164226	0.7393	1.1611	0.0	164226	0.4956	0.8964	0.0	164226	0.5081	0.9906	0.0	164226	0.42	0.6076	0.0	164226	0.346	0.529	0.0	164226	0.45	0.6806	0.0	164226	0.4806	0.8325	0.0	164226	0.4563	0.8717	0.0	164226	0.576	0.9631	0.0	164226	0.7223	1.1115	0.0	164226	0.5659	0.9054	0.0	164226	0.5524	0.8572	0.0	164226	0.5	0.8073	0.0	164226	0.5758	0.9707	0.0	164226	0.7109	1.1981	0.0	164226	0.5708	0.8806	0.0	164226	0.632	0.9365	0.0	164226	0.8673	0.4083	1.1611	0.5898	0.9906	0.4409	1.1115	0.5746	1.1981	0.5979
MAN1A2	ENSG00000198162	golgi_core_processing	downstream_diversification	yes	yes	1.7699	2.5134	0.6255	111902	1.738	2.6119	0.4468	111902	1.1191	2.0174	0.0894	111902	1.6038	2.48	0.2681	111902	1.5675	2.1561	0.4468	111902	1.1376	1.7005	0.0	111902	1.7495	2.4285	0.3575	111902	0.7272	1.1385	0.0	111902	0.7785	0.9363	0.0	111902	0.4776	0.7732	0.0	111902	0.7441	0.9954	0.0	111902	0.354	0.6403	0.0	111902	0.607	0.8498	0.0	111902	0.4452	0.9223	0.0	111902	1.1158	1.4636	0.0	111902	0.8797	1.2536	0.0	111902	1.0382	1.4741	0.0	111902	0.9417	1.2024	0.0	111902	0.6848	1.24	0.0	111902	0.9433	1.298	0.0	111902	1.1221	1.2513	0.0	111902	0.6457	0.7716	0.0	111902	0.8571	0.9743	0.0	111902	0.9914	1.2472	0.0	111902	0.8022	1.2982	0.0	111902	0.7981	1.0406	0.0	111902	2.6119	1.5265	1.1385	0.6819	1.4636	0.6803	1.4741	0.946	1.2982	0.8189
MAN1C1	ENSG00000117643	golgi_core_processing	downstream_diversification	yes	yes	0.662	1.1651	0.0	130000	0.4938	0.7573	0.0	130000	0.798	1.6607	0.0	130000	0.7018	1.1526	0.0	130000	0.6985	1.1842	0.0	130000	0.5381	0.7593	0.0	130000	0.5804	0.9627	0.0	130000	0.6802	0.918	0.0	130000	0.5714	0.8986	0.0	130000	0.4702	0.6523	0.0	130000	1.1475	1.4685	0.0	130000	0.6608	1.1407	0.0	130000	0.485	0.7228	0.0	130000	0.4529	0.9101	0.0	130000	0.3522	0.5642	0.0	130000	0.5965	1.1039	0.0	130000	1.2427	1.9408	0.0	130000	0.8505	0.9911	0.0	130000	1.1131	1.7783	0.0	130000	1.195	1.7268	0.0	130000	1.074	1.4469	0.0	130000	0.9183	1.2548	0.0	130000	1.0919	1.8082	0.0	130000	1.0269	1.5679	0.0	130000	0.7753	1.3612	0.0	130000	1.0863	1.8384	0.0	130000	1.6607	0.6389	1.4685	0.7173	1.1407	0.5095	1.9408	1.0951	1.8384	0.9797
MGAT1	ENSG00000131446	golgi_core_processing	downstream_diversification	yes	yes	0.7867	0.7867	0.0	10000	0.8892	0.8892	0.0	10000	0.7767	0.7767	0.0	10000	0.6585	0.6585	0.0	10000	0.8053	0.8053	0.0	10000	0.8238	0.8238	0.0	10000	0.6981	0.6981	0.0	10000	1.98	1.98	0.0	10000	1.0979	1.0979	0.0	10000	0.8032	0.8032	0.0	10000	1.3956	1.3956	0.0	10000	1.0487	1.0487	0.0	10000	1.3726	1.3726	0.0	10000	1.2146	1.2146	0.0	10000	0.7065	0.7065	0.0	10000	1.576	1.576	0.0	10000	0.727	0.727	0.0	10000	0.9604	0.9604	0.0	10000	1.5694	1.5694	0.0	10000	1.2732	1.2732	0.0	10000	1.1686	1.1686	0.0	10000	0.6308	0.6308	0.0	10000	0.7375	0.7375	0.0	10000	0.5647	0.5647	0.0	10000	0.4614	0.4614	0.0	10000	0.5542	0.5542	0.0	10000	0.8892	0.7769	1.98	1.3192	1.576	1.1837	1.5694	1.1397	0.7375	0.5897
MAN2A1	ENSG00000112893	golgi_core_processing	downstream_diversification	yes	yes	0.8378	2.1456	0.0619	161489	0.8197	1.6191	0.0	161489	0.8041	1.5275	0.0	161489	0.9728	1.3036	0.0	161489	0.5975	0.9595	0.0	161489	0.7729	1.6782	0.0	161489	0.835	1.6957	0.0	161489	0.5948	0.8529	0.0	161489	0.5931	0.8981	0.0	161489	0.5555	0.7064	0.0	161489	0.5897	0.7909	0.0	161489	1.5507	2.172	0.1858	161489	0.9655	1.2961	0.0	161489	1.0939	1.4343	0.0	161489	1.3136	1.7381	0.0	161489	1.0101	1.7233	0.0	161489	0.9213	1.5285	0.0	161489	0.8096	1.2911	0.0	161489	0.6738	1.0958	0.0	161489	1.0283	1.7063	0.0	161489	1.0608	1.7239	0.0	161489	0.6937	0.886	0.0	161489	0.543	0.7785	0.0	161489	0.4833	0.6845	0.0	161489	0.8399	1.1843	0.0	161489	0.7813	1.1816	0.0	161489	2.1456	0.8057	0.8981	0.5833	2.172	1.1868	1.7239	0.8988	1.1843	0.6682
MAN2A2	ENSG00000196547	golgi_core_processing	downstream_diversification	yes	yes	0.8904	1.2553	0.0	30314	0.71	0.9146	0.0	30314	0.6437	0.9375	0.0	30314	0.6981	1.1414	0.0	30314	0.6974	1.1713	0.0	30314	0.5807	0.9001	0.0	30314	0.5473	0.7564	0.0	30314	0.3303	0.4427	0.0	30314	0.4684	0.5417	0.0	30314	0.4662	0.7503	0.0	30314	0.4462	0.9021	0.0	30314	0.9182	1.2415	0.0	30314	0.758	0.9978	0.0	30314	0.5569	1.0024	0.0	30314	0.5361	0.7335	0.0	30314	0.718	0.9934	0.0	30314	0.2842	0.8217	0.0	30314	0.4503	1.0825	0.0	30314	0.379	0.4822	0.0	30314	0.3903	0.8747	0.0	30314	0.4166	1.0773	0.0	30314	0.5189	0.5663	0.0	30314	0.4267	0.5264	0.0	30314	0.5672	0.7206	0.0	30314	0.499	0.5568	0.0	30314	0.5066	0.9053	0.0	30314	1.2553	0.6811	0.9021	0.4278	1.2415	0.6974	1.0825	0.3841	0.9053	0.5037
MGAT2	ENSG00000168282	golgi_core_processing	downstream_diversification	yes	yes	0.7713	0.9255	0.0	22682	0.4802	0.5931	0.0	22682	0.7748	0.9488	0.0	22682	0.5108	0.7303	0.0	22682	0.6031	0.7232	0.0	22682	0.5069	0.6134	0.0	22682	0.4937	0.6179	0.0	22682	0.4431	0.5611	0.0	22682	1.0269	1.242	0.0	22682	0.4089	0.6163	0.0	22682	0.526	0.5654	0.0	22682	0.0	0.0	0.0	22682	0.0	0.0	0.0	22682	1.9634	2.1534	0.5591	22682	0.0	0.0	0.0	22682	1.6767	1.9715	0.0	22682	0.6487	0.731	0.0	22682	0.3955	0.4125	0.0	22682	1.1719	1.2715	0.0	22682	0.6269	0.7567	0.0	22682	0.5995	0.7434	0.0	22682	0.0	0.0	0.0	22682	0.0	0.0	0.0	22682	0.3517	0.4427	0.0	22682	0.5962	0.873	0.0	22682	0.0	0.0	0.0	22682	0.9488	0.5915	1.242	0.6012	2.1534	0.728	1.2715	0.6885	0.873	0.1896
MGAT3	ENSG00000128268	golgi_branching	downstream_diversification	yes	yes	0.5195	0.5939	0.0	40000	0.5859	0.8054	0.0	40000	0.6185	0.9236	0.0	40000	0.5242	0.605	0.0	40000	0.5557	0.8316	0.0	40000	0.5094	0.7558	0.0	40000	0.8876	1.0722	0.0	40000	0.5407	0.8392	0.0	40000	0.75	0.9414	0.0	40000	0.5543	0.7424	0.0	40000	0.527	0.7029	0.0	40000	1.7021	1.8531	0.0	40000	1.4167	1.5979	0.0	40000	1.876	2.1619	0.5	40000	1.6097	2.3398	0.5	40000	1.5075	2.022	0.25	40000	0.7099	1.1476	0.0	40000	0.679	1.0454	0.0	40000	0.4915	0.7781	0.0	40000	0.4539	0.5356	0.0	40000	0.5672	0.7207	0.0	40000	0.7893	0.9638	0.0	40000	0.7994	0.9905	0.0	40000	0.4297	0.5722	0.0	40000	0.53	0.7322	0.0	40000	0.4761	0.7133	0.0	40000	1.0722	0.6001	0.9414	0.593	2.3398	1.6224	1.1476	0.5803	0.9905	0.6049
MGAT4A	ENSG00000071073	golgi_branching	downstream_diversification	yes	yes	1.2757	1.9454	0.0	90000	1.0577	1.4627	0.0	90000	0.8652	1.6303	0.0	90000	0.8803	1.0549	0.0	90000	0.7908	1.0148	0.0	90000	0.9886	1.3969	0.0	90000	0.8407	1.3985	0.0	90000	0.5765	0.887	0.0	90000	0.6807	1.0308	0.0	90000	0.9133	1.7493	0.0	90000	0.471	0.7368	0.0	90000	0.8411	1.1349	0.0	90000	0.6822	1.0681	0.0	90000	0.9266	1.443	0.0	90000	0.9852	1.2891	0.0	90000	0.8442	1.1428	0.0	90000	0.4208	0.8516	0.0	90000	0.3906	0.6152	0.0	90000	0.6219	1.0658	0.0	90000	0.3913	0.6922	0.0	90000	0.4314	0.8875	0.0	90000	0.5378	0.9728	0.0	90000	0.5588	1.0384	0.0	90000	0.643	1.2447	0.0	90000	0.5132	1.1167	0.0	90000	0.6163	1.3988	0.0	90000	1.9454	0.957	1.7493	0.6604	1.443	0.8559	1.0658	0.4512	1.3988	0.5738
MGAT4B	ENSG00000284501	golgi_branching	downstream_diversification	yes	yes				0				0				0				0				0				0				0				0				0				0				0				0				0				0				0				0				0				0				0				0				0				0				0				0				0				0										
MGAT4C	ENSG00000182050	golgi_branching	downstream_diversification	yes	yes	1.4253	1.452	0.0	11440	1.7662	1.8338	0.0	11440	0.7295	0.7764	0.0	11440	1.2229	1.2521	0.0	11440	0.8863	0.8981	0.0	11440	1.0708	1.116	0.0	11440	1.1273	1.3748	0.0	11440	1.2274	1.2382	0.0	11440	0.9236	0.9505	0.0	11440	0.461	0.5873	0.0	11440	0.639	0.6397	0.0	11440	0.3597	0.7686	0.0	11440	0.0	0.0	0.0	11440	0.0	0.0	0.0	11440	0.3155	0.3849	0.0	11440	0.0	0.0	0.0	11440	0.9549	1.0149	0.0	11440	1.0657	1.1195	0.0	11440	1.1825	1.219	0.0	11440	0.6584	0.7916	0.0	11440	1.0917	1.1088	0.0	11440	1.8629	1.9458	0.0	11440	1.97	2.0322	0.8143	11440	1.0183	1.1172	0.0	11440	1.9284	2.061	0.8143	11440	1.6212	1.7965	0.0	11440	1.8338	1.1755	1.2382	0.8127	0.7686	0.135	1.219	0.9906	2.061	1.6802
MGAT5	ENSG00000152127	golgi_branching	downstream_diversification	yes	yes	0.5738	1.1149	0.0	297221	0.5687	1.1413	0.0	297221	0.6387	1.1705	0.0	297221	0.5911	1.1565	0.0	297221	0.7041	1.2476	0.0	297221	0.57	1.046	0.0	297221	0.597	0.9906	0.0	297221	0.7479	1.1277	0.0	297221	0.6114	0.9712	0.0	297221	0.5807	1.0958	0.0	297221	0.7437	1.1045	0.0	297221	0.5765	1.1582	0.0	297221	0.5503	1.1096	0.0	297221	0.6449	1.3746	0.0	297221	0.6237	1.5016	0.0	297221	0.5625	1.1198	0.0	297221	1.348	2.7448	0.1925	297221	1.4128	2.1074	0.0673	297221	1.6471	2.4091	0.2019	297221	0.9233	1.7394	0.0	297221	0.6485	1.239	0.0	297221	0.6843	0.9159	0.0	297221	0.8029	1.1726	0.0	297221	0.706	1.0512	0.0	297221	0.7398	1.4183	0.0	297221	0.783	1.4281	0.0	297221	1.2476	0.6062	1.1277	0.6709	1.5016	0.5916	2.7448	1.1959	1.4281	0.7432
FUT8	ENSG00000033170	terminal_modification	downstream_diversification	yes	yes	1.8658	3.1456	0.4189	262591	1.4924	3.3913	0.2285	262591	1.4343	2.6721	0.1142	262591	1.5326	2.9625	0.1523	262591	1.4192	2.4404	0.1904	262591	1.5139	2.2683	0.3047	262591	1.3071	2.3046	0.0762	262591	1.0992	1.8594	0.0	262591	0.9484	1.7517	0.0	262591	1.4709	2.2677	0.1142	262591	0.8879	1.507	0.0	262591	1.6806	3.0447	0.2285	262591	1.7694	2.7994	0.3427	262591	1.7914	2.9569	0.2666	262591	1.769	3.3594	0.3047	262591	1.5972	3.3825	0.2285	262591	1.0654	1.7651	0.0	262591	0.8137	1.3039	0.0	262591	0.6766	1.041	0.0	262591	0.8687	1.2509	0.0	262591	0.9554	1.7776	0.0	262591	0.801	1.3658	0.0	262591	0.9959	1.6957	0.0	262591	0.6722	0.9328	0.0	262591	1.0638	1.5884	0.0	262591	0.885	1.557	0.0	262591	3.3913	1.5093	2.2677	1.1016	3.3825	1.7215	1.7776	0.876	1.6957	0.8836
FUT3	ENSG00000171124	terminal_modification	downstream_diversification	yes	yes	0.8157	0.8157	0.0	10000	0.8009	0.8009	0.0	10000	0.9529	0.9529	0.0	10000	0.7928	0.7928	0.0	10000	0.8984	0.8984	0.0	10000	0.8198	0.8198	0.0	10000	0.8662	0.8662	0.0	10000	0.4941	0.4941	0.0	10000	0.382	0.382	0.0	10000	0.4796	0.4796	0.0	10000	0.7618	0.7618	0.0	10000	0.7853	0.7853	0.0	10000	0.6367	0.6367	0.0	10000	0.7405	0.7405	0.0	10000	0.4844	0.4844	0.0	10000	0.6702	0.6702	0.0	10000	0.7083	0.7083	0.0	10000	0.6617	0.6617	0.0	10000	0.6085	0.6085	0.0	10000	0.6598	0.6598	0.0	10000	0.7702	0.7702	0.0	10000	0.5041	0.5041	0.0	10000	0.8179	0.8179	0.0	10000	0.6667	0.6667	0.0	10000	0.6363	0.6363	0.0	10000	0.6255	0.6255	0.0	10000	0.9529	0.8495	0.7618	0.5294	0.7853	0.6634	0.7702	0.6817	0.8179	0.6501
B4GALT1	ENSG00000086062	terminal_modification	downstream_diversification	yes	yes	1.0935	1.7282	0.0	70000	0.8779	1.6631	0.0	70000	0.7107	1.1754	0.0	70000	0.6894	0.9639	0.0	70000	1.0916	2.0993	0.1429	70000	0.8284	1.5345	0.0	70000	0.671	0.9917	0.0	70000	0.8965	1.0168	0.0	70000	0.9535	1.1873	0.0	70000	1.1639	1.5245	0.0	70000	0.6006	0.8436	0.0	70000	0.4847	0.7436	0.0	70000	0.4306	0.5555	0.0	70000	0.4517	0.7788	0.0	70000	0.5013	0.6149	0.0	70000	0.485	0.5823	0.0	70000	0.5714	0.8161	0.0	70000	0.7131	1.1739	0.0	70000	0.5458	0.8113	0.0	70000	0.6196	0.8861	0.0	70000	0.5339	0.7904	0.0	70000	0.6441	0.9724	0.0	70000	0.6714	1.0251	0.0	70000	0.5619	1.0275	0.0	70000	0.5833	0.9877	0.0	70000	0.7104	0.9116	0.0	70000	2.0993	0.8518	1.5245	0.9036	0.7788	0.4707	1.1739	0.5968	1.0275	0.6342
B4GALT2	ENSG00000117411	terminal_modification	downstream_diversification	yes	yes	0.5991	0.6028	0.0	2607	0.3761	0.4139	0.0	2607	0.5619	0.8649	0.0	2607	0.6283	0.6732	0.0	2607	0.6519	0.8421	0.0	2607	0.4841	1.047	0.0	2607	0.627	0.9269	0.0	2607	0.5632	0.593	0.0	2607	0.6008	0.6095	0.0	2607	0.4627	0.539	0.0	2607	0.8237	1.5237	0.0	2607	0.8873	0.932	0.0	2607	1.0997	1.1033	0.0	2607	0.8585	1.3371	0.0	2607	0.834	0.838	0.0	2607	0.6392	1.0568	0.0	2607	0.9183	1.1139	0.0	2607	1.0739	1.2329	0.0	2607	0.853	0.931	0.0	2607	0.6052	1.0351	0.0	2607	0.6138	0.6176	0.0	2607	0.4576	0.9786	0.0	2607	0.6462	1.0882	0.0	2607	0.728	1.176	0.0	2607	0.6284	1.3176	0.0	2607	0.7532	1.4745	0.0	2607	1.047	0.5612	1.5237	0.6126	1.3371	0.8637	1.2329	0.8128	1.4745	0.6427
B4GALT3	ENSG00000158850	terminal_modification	downstream_diversification	yes	yes	1.7479	1.7993	0.0	18295	0.8528	0.8645	0.0	18295	1.7992	1.861	0.0	18295	1.1622	1.264	0.0	18295	1.1059	1.2915	0.0	18295	1.1636	1.2126	0.0	18295	1.2918	1.353	0.0	18295	0.9356	1.0009	0.0	18295	0.2828	0.3724	0.0	18295	0.3904	0.4218	0.0	18295	0.738	0.8191	0.0	18295	0.3271	0.3738	0.0	18295	0.2793	0.374	0.0	18295	0.2357	0.2917	0.0	18295	0.4666	0.5836	0.0	18295	0.3998	0.4497	0.0	18295	0.9099	1.1854	0.0	18295	0.7992	1.0663	0.0	18295	1.2104	1.3235	0.0	18295	1.025	1.2082	0.0	18295	0.7632	0.9539	0.0	18295	0.8188	1.1198	0.0	18295	0.5464	0.7612	0.0	18295	0.9114	1.0266	0.0	18295	0.6707	0.9391	0.0	18295	0.6128	0.8533	0.0	18295	1.861	1.3033	1.0009	0.5867	0.5836	0.3417	1.3235	0.9415	1.1198	0.712
B4GALT4	ENSG00000121578	terminal_modification	downstream_diversification	yes	yes	0.6377	0.6928	0.0	35721	0.7527	0.9083	0.0	35721	0.6564	0.8405	0.0	35721	0.5849	0.7358	0.0	35721	0.8474	0.9235	0.0	35721	0.6406	0.7498	0.0	35721	0.7584	0.8916	0.0	35721	0.8014	0.934	0.0	35721	0.7824	1.0538	0.0	35721	0.6128	0.7543	0.0	35721	0.7166	0.938	0.0	35721	1.0023	1.2834	0.0	35721	0.9855	1.3644	0.0	35721	1.1255	1.4172	0.0	35721	0.9224	1.2219	0.0	35721	1.1567	1.458	0.0	35721	0.6257	0.9491	0.0	35721	0.5643	0.682	0.0	35721	0.7292	1.063	0.0	35721	0.8293	1.0555	0.0	35721	0.7342	1.1384	0.0	35721	1.126	1.3818	0.0	35721	1.0748	1.2465	0.0	35721	0.8776	1.0454	0.0	35721	1.0564	1.2422	0.0	35721	0.9194	1.2325	0.0	35721	0.9235	0.6969	1.0538	0.7283	1.458	1.0385	1.1384	0.6965	1.3818	1.0108
B4GALT5	ENSG00000158470	terminal_modification	downstream_diversification	yes	yes	1.6693	2.1669	0.365	54800	1.4133	1.935	0.0	54800	1.1366	1.5431	0.0	54800	1.1342	1.4718	0.0	54800	1.3283	1.6744	0.0	54800	1.3172	1.6042	0.0	54800	0.8272	0.9933	0.0	54800	1.1642	1.3379	0.0	54800	1.3501	1.8223	0.0	54800	0.9627	1.2954	0.0	54800	1.2565	1.6052	0.0	54800	1.1279	1.4819	0.0	54800	1.3533	1.716	0.0	54800	1.3116	1.5676	0.0	54800	1.1511	1.422	0.0	54800	1.306	1.4931	0.0	54800	0.7533	0.9595	0.0	54800	1.3535	1.7336	0.0	54800	1.2448	1.875	0.0	54800	0.7799	1.1426	0.0	54800	0.7885	1.1442	0.0	54800	0.7737	1.0273	0.0	54800	0.8834	1.063	0.0	54800	1.1254	1.3533	0.0	54800	0.8151	0.9653	0.0	54800	0.8729	1.1377	0.0	54800	2.1669	1.2609	1.8223	1.1834	1.716	1.25	1.875	0.984	1.3533	0.8941
B4GALT6	ENSG00000118276	terminal_modification	downstream_diversification	yes	yes	0.4635	0.6927	0.0	66794	0.6509	1.0422	0.0	66794	0.4633	0.7379	0.0	66794	0.4515	0.7475	0.0	66794	0.4388	0.6274	0.0	66794	0.4187	0.5905	0.0	66794	0.4899	0.6548	0.0	66794	1.1959	1.6613	0.0	66794	1.1988	1.6831	0.0	66794	0.778	1.1583	0.0	66794	1.1121	1.3428	0.0	66794	1.4126	1.6598	0.0	66794	0.8564	1.1224	0.0	66794	1.3907	1.608	0.0	66794	1.5579	2.0781	0.1497	66794	0.9634	1.1953	0.0	66794	1.2479	1.6994	0.0	66794	1.0254	1.3011	0.0	66794	1.1089	1.558	0.0	66794	1.2222	1.8044	0.0	66794	1.2736	1.6635	0.0	66794	1.773	2.0767	0.2994	66794	1.5766	2.1868	0.1497	66794	1.6416	2.2112	0.1497	66794	1.268	1.7654	0.0	66794	1.3262	1.803	0.0	66794	1.0422	0.4824	1.6831	1.0712	2.0781	1.2362	1.8044	1.1756	2.2112	1.5171
ST3GAL4	ENSG00000110080	terminal_modification	downstream_diversification	yes	yes	0.6269	0.7919	0.0	46224	0.9035	1.1469	0.0	46224	0.9958	1.1352	0.0	46224	0.6516	0.8276	0.0	46224	0.7518	1.1915	0.0	46224	0.7368	1.308	0.0	46224	0.7184	0.9181	0.0	46224	0.5939	0.7697	0.0	46224	0.5734	0.7514	0.0	46224	0.6169	0.8081	0.0	46224	0.5698	0.7036	0.0	46224	1.3231	1.8709	0.0	46224	1.1973	1.7515	0.0	46224	1.004	1.4119	0.0	46224	0.8576	1.1999	0.0	46224	1.3425	1.9682	0.0	46224	0.5317	0.7442	0.0	46224	0.542	0.7253	0.0	46224	0.525	0.8148	0.0	46224	0.4335	0.6073	0.0	46224	0.4991	0.6085	0.0	46224	0.4855	0.6511	0.0	46224	0.4541	0.5806	0.0	46224	0.5324	0.6074	0.0	46224	0.5749	0.67	0.0	46224	0.4163	0.5504	0.0	46224	1.308	0.7693	0.8081	0.5885	1.9682	1.1449	0.8148	0.5063	0.67	0.4926
ST6GAL1	ENSG00000073849	terminal_modification	downstream_diversification	yes	yes	0.6923	0.6945	0.0	6755	0.4037	0.4801	0.0	6755	0.4398	0.4872	0.0	6755	0.4498	0.5465	0.0	6755	0.8037	0.8107	0.0	6755	0.4715	0.5605	0.0	6755	0.5077	0.7151	0.0	6755	0.8489	0.8506	0.0	6755	0.7599	1.0056	0.0	6755	0.6217	0.8727	0.0	6755	0.772	1.3983	0.0	6755	0.8788	0.8799	0.0	6755	1.0007	1.0204	0.0	6755	0.8219	0.8385	0.0	6755	0.7531	0.7584	0.0	6755	0.6968	0.7598	0.0	6755	0.5789	0.5844	0.0	6755	0.6283	0.6541	0.0	6755	0.6186	0.6736	0.0	6755	0.5587	0.5753	0.0	6755	0.5183	0.8047	0.0	6755	0.5339	0.5355	0.0	6755	0.6314	0.6522	0.0	6755	0.4867	0.4901	0.0	6755	0.6465	0.6496	0.0	6755	0.5895	0.6937	0.0	6755	0.8107	0.5384	1.3983	0.7506	1.0204	0.8303	0.8047	0.5806	0.6937	0.5776
ST8SIA2	ENSG00000140557	terminal_modification	downstream_diversification	yes	yes	0.7639	1.0459	0.0	85312	0.9014	1.1033	0.0	85312	0.7072	1.0498	0.0	85312	0.7483	1.0204	0.0	85312	0.6741	0.8313	0.0	85312	0.7766	1.0864	0.0	85312	0.7953	1.3378	0.0	85312	0.6772	0.995	0.0	85312	0.5098	1.1484	0.0	85312	0.5465	0.9288	0.0	85312	0.6657	0.9133	0.0	85312	0.5452	0.7243	0.0	85312	0.6137	0.7551	0.0	85312	0.462	0.5982	0.0	85312	0.4539	0.5959	0.0	85312	0.474	0.6987	0.0	85312	0.8137	1.5615	0.0	85312	0.542	1.2181	0.0	85312	0.5332	0.8661	0.0	85312	0.8191	1.1459	0.0	85312	0.8082	1.5635	0.0	85312	0.5299	0.7166	0.0	85312	0.4707	0.6694	0.0	85312	0.4889	0.7485	0.0	85312	0.4932	0.9305	0.0	85312	0.6714	0.915	0.0	85312	1.3378	0.7667	1.1484	0.5998	0.7551	0.5098	1.5635	0.7032	0.9305	0.5308
ST8SIA3	ENSG00000177511	terminal_modification	downstream_diversification	yes	yes	0.5464	0.6936	0.0	33032	0.8318	1.0696	0.0	33032	0.5786	0.6501	0.0	33032	0.6667	1.0192	0.0	33032	0.8106	0.8955	0.0	33032	0.5576	0.6388	0.0	33032	0.8122	1.0291	0.0	33032	1.2476	2.5657	0.2269	33032	0.8952	1.6942	0.0	33032	0.5904	0.8758	0.0	33032	1.2316	2.2414	0.2269	33032	0.6602	0.9131	0.0	33032	0.4071	0.5534	0.0	33032	0.556	0.7522	0.0	33032	0.9701	1.1111	0.0	33032	0.3523	0.3693	0.0	33032	1.8749	2.1777	0.5297	33032	1.1683	1.3893	0.0	33032	0.6144	0.9012	0.0	33032	0.9804	1.2695	0.0	33032	1.5268	1.8823	0.0	33032	0.5966	1.0336	0.0	33032	0.9555	1.3254	0.0	33032	0.9986	1.713	0.0	33032	0.5507	0.803	0.0	33032	1.0439	1.3155	0.0	33032	1.0696	0.6863	2.5657	0.9912	1.1111	0.5891	2.1777	1.233	1.713	0.8291
ST8SIA6	ENSG00000148488	terminal_modification	downstream_diversification	yes	yes	0.8134	1.1311	0.0	98486	0.8253	1.137	0.0	98486	0.7965	1.2043	0.0	98486	0.532	0.8361	0.0	98486	0.7802	1.1005	0.0	98486	0.6943	1.1682	0.0	98486	0.5806	0.8707	0.0	98486	0.6675	1.3252	0.0	98486	0.6749	1.0554	0.0	98486	0.7262	1.2277	0.0	98486	0.8244	1.6973	0.0	98486	0.4206	0.8012	0.0	98486	0.6134	1.1592	0.0	98486	0.5657	1.1633	0.0	98486	0.6935	0.9357	0.0	98486	0.6604	1.0192	0.0	98486	0.7017	1.1488	0.0	98486	0.7514	1.1469	0.0	98486	0.7849	1.3047	0.0	98486	1.1339	2.0906	0.1015	98486	0.9938	1.4596	0.0	98486	0.8621	1.2307	0.0	98486	0.8553	1.4912	0.0	98486	0.7926	1.575	0.0	98486	0.7425	1.0473	0.0	98486	0.7689	1.1087	0.0	98486	1.2043	0.7175	1.6973	0.7232	1.1633	0.5907	2.0906	0.8731	1.575	0.8043
CHST8	ENSG00000124302	terminal_modification	downstream_diversification	yes	yes	0.7594	1.1895	0.0	51085	0.7453	1.0799	0.0	51085	0.7065	1.027	0.0	51085	0.7202	1.4602	0.0	51085	0.743	1.0302	0.0	51085	0.942	1.3221	0.0	51085	0.7299	1.1577	0.0	51085	0.4742	0.9888	0.0	51085	0.8692	1.0868	0.0	51085	1.1174	1.7886	0.0	51085	0.6732	0.9825	0.0	51085	0.8608	1.2558	0.0	51085	0.9557	1.1646	0.0	51085	0.7467	1.0976	0.0	51085	0.8247	1.1628	0.0	51085	1.1299	1.5531	0.0	51085	0.6392	1.0737	0.0	51085	0.7094	1.0536	0.0	51085	0.5722	1.2935	0.0	51085	0.701	1.1318	0.0	51085	0.728	1.3035	0.0	51085	0.6527	1.0872	0.0	51085	0.7611	0.983	0.0	51085	0.6873	1.1716	0.0	51085	0.5627	1.0516	0.0	51085	0.6667	1.1459	0.0	51085	1.4602	0.7638	1.7886	0.7835	1.5531	0.9036	1.3035	0.67	1.1716	0.6661
CHST10	ENSG00000115526	terminal_modification	downstream_diversification	yes	yes	0.332	0.5619	0.0	41472	0.3866	0.5346	0.0	41472	0.3282	0.4719	0.0	41472	0.6192	0.7177	0.0	41472	0.3207	0.5009	0.0	41472	0.4994	0.5606	0.0	41472	0.625	0.723	0.0	41472	0.4315	0.524	0.0	41472	1.0906	1.3172	0.0	41472	0.9252	1.2455	0.0	41472	0.3871	0.5413	0.0	41472	0.3554	0.3957	0.0	41472	0.9591	1.136	0.0	41472	0.5454	0.5933	0.0	41472	0.5198	0.6367	0.0	41472	0.4119	0.5081	0.0	41472	0.4227	0.6355	0.0	41472	0.4119	0.5664	0.0	41472	0.5555	0.8676	0.0	41472	0.5551	0.6993	0.0	41472	0.481	0.7564	0.0	41472	0.3861	0.4861	0.0	41472	0.3732	0.4389	0.0	41472	0.4341	0.6579	0.0	41472	0.3584	0.5667	0.0	41472	0.3559	0.5748	0.0	41472	0.723	0.4444	1.3172	0.7086	1.136	0.5583	0.8676	0.4852	0.6579	0.3815
B4GALNT2	ENSG00000167080	terminal_modification	downstream_diversification	yes	yes	0.8188	0.8416	0.0	18817	0.6186	0.6681	0.0	18817	0.3547	0.822	0.0	18817	0.6701	0.7125	0.0	18817	0.6346	0.7376	0.0	18817	0.605	0.6627	0.0	18817	0.5721	0.7319	0.0	18817	0.4477	0.6828	0.0	18817	0.8054	0.9401	0.0	18817	1.0944	1.2098	0.0	18817	0.6631	0.8097	0.0	18817	0.4468	1.4541	0.0	18817	0.5374	0.878	0.0	18817	0.606	1.3025	0.0	18817	0.8937	1.5365	0.0	18817	0.31	1.0704	0.0	18817	0.5117	0.8086	0.0	18817	0.431	1.1359	0.0	18817	0.3844	0.901	0.0	18817	0.3283	1.1476	0.0	18817	0.4077	1.0633	0.0	18817	1.0192	1.1336	0.0	18817	0.8153	1.1046	0.0	18817	0.9581	1.0151	0.0	18817	1.1962	1.4146	0.0	18817	0.734	1.0197	0.0	18817	0.8416	0.6106	1.2098	0.7526	1.5365	0.5588	1.1476	0.4126	1.4146	0.9446
